validador_diario_24hs,carr,carros_sales_force,territorio,empresa,modalidade,v,caixas_enviadas,caixas_retornadas,pct_caixas_retornadas,objetivo_de_retorno,situacao_dia,data,obs
BR0075485R46204,C470741,BR0075485,TD Curitiba,FADEL,M1,R,32.0,0,0.0,22.4,-22.4,2026-07-01,
BR0075488R46204,C470038,BR0075488,TD Curitiba,FADEL,M1,R,30.0,,,21.0,,2026-07-01,
BR0075494R46204,C470024,BR0075494,TD Curitiba,FADEL,M1,R,12.0,,,8.399999999999999,,2026-07-01,
BR0075517R46204,C470831,BR0075517,TD Curitiba,FADEL,M1,R,12.0,,,8.399999999999999,,2026-07-01,
BR0075564R46204,C470740,BR0075564,TD Curitiba,FADEL,M1,R,61.0,11,0.18032786885245902,42.699999999999996,-31.699999999999996,2026-07-01,
BR0075595R46204,C470912,BR0075595,TD Curitiba,FADEL,M1,R,,,,0.0,,2026-07-01,
BR0075598R46204,C470749,BR0075598,TD Curitiba,FADEL,M1,R,23.0,,,16.099999999999998,,2026-07-01,
BR0075727R46204,C470905,BR0075727,TD Curitiba,FADEL,M1,R,27.0,,,18.9,,2026-07-01,
BR0075816R46204,C470744,BR0075816,TD Curitiba,FADEL,M1A,R,,5,,0.0,5.0,2026-07-01,
BR0075950R46204,C470901,BR0075950,TD Curitiba,FADEL,M1A,R,22.0,,,15.399999999999999,,2026-07-01,
BR0219554R46204,C470025,BR0219554,TD Curitiba,FADEL,M1,R,,,,0.0,,2026-07-01,
BR0219562R46204,C470026,BR0219562,TD Curitiba,FADEL,M1,R,,,,0.0,,2026-07-01,
BR0075813R46204,C470750,BR0075813,TD Curitiba,FADEL,M1,R,,,,0.0,,2026-07-01,
BR0219544R46204,C470003,BR0219544,TD Curitiba,FADEL,M1,R,15.0,,,10.5,,2026-07-01,
BR0219545R46204,C470010,BR0219545,TD Curitiba,FADEL,M1,R,,,,0.0,,2026-07-01,
BR0219549R46204,C470021,BR0219549,TD Curitiba,FADEL,M1,R,,,,0.0,,2026-07-01,
BR0075703R46204,C470742,BR0075703,TD Curitiba,FADEL,M1,R,,,,0.0,,2026-07-01,
BR0075865R46204,C470745,BR0075865,TD Curitiba,FADEL,M1,R,,,,0.0,,2026-07-01,
BR0075849R46204,C470900,BR0075849,TD Curitiba,FADEL,M1,R,,,,0.0,,2026-07-01,
BR0075512R46204,C470902,BR0075512,TD Curitiba,FADEL,M1,R,,,,0.0,,2026-07-01,
BR0075841R46204,C470743,BR0075841,TD Curitiba,FADEL,M1,R,3.0,,,2.0999999999999996,,2026-07-01,
BR0075785R46204,C470904,BR0075785,TD Curitiba,FADEL,M1,R,,,,0.0,,2026-07-01,
BR0075542R46204,C470868,BR0075542,TD Curitiba,FADEL,M1,R,,,,0.0,,2026-07-01,
BR0422998R46204,C470027,BR0422998,TD Curitiba,FADEL,M1,R,,,,0.0,,2026-07-01,
BR0422999R46204,C470028,BR0422999,TD Curitiba,FADEL,M1,R,,,,0.0,,2026-07-01,
BR0423000R46204,C470033,BR0423000,TD Curitiba,FADEL,M1,R,,,,0.0,,2026-07-01,
BR0423001R46204,C470101,BR0423001,TD Curitiba,FADEL,M1,R,,,,0.0,,2026-07-01,
BR0423002R46204,C470102,BR0423002,TD Curitiba,FADEL,M1,R,,,,0.0,,2026-07-01,
BR0075882R46204,C470870,BR0075882,TD Curitiba,FADEL,M1,R,17.0,,,11.899999999999999,,2026-07-01,
BR0219552R46204,C470023,BR0219552,TD Curitiba,FADEL,M1,R,,,,0.0,,2026-07-01,
BR0219546R46204,C470014,BR0219546,TD Curitiba,FADEL,M1,R,,,,0.0,,2026-07-01,
BR0219599R46204,C470808,BR0219599,TD Curitiba,FADEL,M1,R,19.0,,,13.299999999999999,,2026-07-01,
BR0219600R46204,C470809,BR0219600,TD Curitiba,FADEL,M1,R,16.0,0,0.0,11.2,-11.2,2026-07-01,
BR0219601R46204,C470810,BR0219601,TD Curitiba,FADEL,M1,R,31.0,,,21.7,,2026-07-01,
BR0219603R46204,C470823,BR0219603,TD Curitiba,FADEL,M1,R,15.0,,,10.5,,2026-07-01,
BR0219605R46204,C470824,BR0219605,TD Curitiba,FADEL,M1,R,23.0,0,0.0,16.099999999999998,-16.099999999999998,2026-07-01,
BR0219606R46204,C470825,BR0219606,TD Curitiba,FADEL,M1,R,29.0,,,20.299999999999997,,2026-07-01,
BR0219609R46204,C470827,BR0219609,TD Curitiba,FADEL,M1,R,,,,0.0,,2026-07-01,
BR0219610R46204,C470828,BR0219610,TD Curitiba,FADEL,M1,R,,,,0.0,,2026-07-01,
BR0075562R46204,C470022,BR0075562,TD Curitiba,FADEL,M1,R,,,,0.0,,2026-07-01,
BR0075684R46204,C470739,BR0075684,TD Curitiba,FADEL,M1,R,13.0,0,0.0,9.1,-9.1,2026-07-01,
BR0075652R46204,C470751,BR0075652,TD Curitiba,FADEL,M1,R,11.0,,,7.699999999999999,,2026-07-01,
BR0219608R46204,C470826,BR0219608,TD Curitiba,FADEL,M1,R,,,,0.0,,2026-07-01,
BR0075807R46204,C470747,BR0075807,TD Curitiba,FADEL,M1,R,,,,0.0,,2026-07-01,
BR0075798R46204,C470748,BR0075798,TD Curitiba,FADEL,M1,R,,,,0.0,,2026-07-01,
BR0075774R46204,C470752,BR0075774,TD Curitiba,FADEL,M1,R,,,,0.0,,2026-07-01,
BR0075712R46204,C470844,BR0075712,TD Curitiba,FADEL,M1,R,,,,0.0,,2026-07-01,
BR0075595R46204,C470912,BR0075595,TD Curitiba,FADEL,M1,R,,,,0.0,,2026-07-01,
BR0075783R46204,C470867,BR0075783,TD Curitiba,FADEL,M1,R,,,,0.0,,2026-07-01,
BR0075507R46204,C470866,BR0075507,TD Curitiba,FADEL,Grocery,R,,,,0.0,,2026-07-01,
BR0075522R46204,C470906,BR0075522,TD Curitiba,FADEL,Grocery,R,8.0,,,5.6,,2026-07-01,
BR0075549R46204,C470911,BR0075549,TD Curitiba,FADEL,Grocery,R,11.0,,,7.699999999999999,,2026-07-01,
BR0075781R46204,C470903,BR0075781,TD Curitiba,FADEL,Grocery,R,7.0,,,4.8999999999999995,,2026-07-01,
BR0075802R46204,C470746,BR0075802,TD Curitiba,FADEL,Grocery,R,27.0,,,18.9,,2026-07-01,
BR0442251R46204,C470801,BR0442251,TV CURITIBA 1,BAT,Prompt,R,,,,0.0,,2026-07-01,
BR0442252R46204,C470802,BR0442252,TV CURITIBA 1,BAT,Prompt,R,,,,0.0,,2026-07-01,
BR0442186R46204,C470924,BR0442186,TV CASCAVEL,BAT,Prompt,R,,,,0.0,,2026-07-01,
BR0442230R46204,C470907,BR0442230,TV CASCAVEL,BAT,Prompt,R,0.0,,,0.0,,2026-07-01,
BR0442231R46204,C470908,BR0442231,TV CASCAVEL,BAT,Prompt,R,0.0,,,0.0,,2026-07-01,
BR0442185R46204,C470923,BR0442185,TV CASCAVEL,BAT,Prompt,R,,0,,0.0,0.0,2026-07-01,
BR0442702R46204,C470803,BR0442702,TV CASCAVEL,BAT,Prompt,R,0.0,,,0.0,,2026-07-01,
BR0347315R46204,C470841,BR0347315,TV CURITIBA 2,BAT,Prompt,R,,,,0.0,,2026-07-01,
BR0347316R46204,C470842,BR0347316,TV CURITIBA 2,BAT,Prompt,R,,,,0.0,,2026-07-01,
BR0442236R46204,C470976,BR0442236,TV CURITIBA 2,BAT,Prompt,R,,,,0.0,,2026-07-01,
BR0442237R46204,C470980,BR0442237,TV CURITIBA 2,BAT,Prompt,R,,,,0.0,,2026-07-01,
BR0442243R46204,C470999,BR0442243,TV CURITIBA 2,BAT,Prompt,R,,0,,0.0,0.0,2026-07-01,
BR0442232R46204,C470909,BR0442232,TV CURITIBA 2,BAT,Prompt,R,,,,0.0,,2026-07-01,
BR0442240R46204,C470977,BR0442240,TV CURITIBA 2,BAT,Prompt,R,,,,0.0,,2026-07-01,
BR0442242R46204,C470958,BR0442242,TV CURITIBA 2,BAT,Prompt,R,0.0,,,0.0,,2026-07-01,
BR0442233R46204,C470910,BR0442233,TV CURITIBA 2,BAT,Prompt,R,0.0,,,0.0,,2026-07-01,
BR0442234R46204,C470915,BR0442234,TV CURITIBA 2,BAT,Prompt,R,0.0,,,0.0,,2026-07-01,
BR0442235R46204,C470920,BR0442235,TV CURITIBA 2,BAT,Prompt,R,,,,0.0,,2026-07-01,
BR0442245R46204,C470759,BR0442245,TV CURITIBA 2,BAT,Prompt,R,,,,0.0,,2026-07-01,
BR0442246R46204,C470760,BR0442246,TV CURITIBA 2,BAT,Prompt,R,0.0,,,0.0,,2026-07-01,
BR0075485R46205,C470741,BR0075485,TD Curitiba,FADEL,M1,R,17.0,0,0.0,11.899999999999999,-11.899999999999999,2026-07-02,
BR0075488R46205,C470038,BR0075488,TD Curitiba,FADEL,M1,R,23.0,,,16.099999999999998,,2026-07-02,
BR0075494R46205,C470024,BR0075494,TD Curitiba,FADEL,M1,R,23.0,,,16.099999999999998,,2026-07-02,
BR0075517R46205,C470831,BR0075517,TD Curitiba,FADEL,M1,R,12.0,,,8.399999999999999,,2026-07-02,
BR0075564R46205,C470740,BR0075564,TD Curitiba,FADEL,M1,R,41.0,11,0.2682926829268293,28.7,-17.7,2026-07-02,
BR0075595R46205,C470912,BR0075595,TD Curitiba,FADEL,M1,R,,,,0.0,,2026-07-02,
BR0075598R46205,C470749,BR0075598,TD Curitiba,FADEL,M1,R,24.0,,,16.799999999999997,,2026-07-02,
BR0075727R46205,C470905,BR0075727,TD Curitiba,FADEL,M1,R,38.0,,,26.599999999999998,,2026-07-02,
BR0075816R46205,C470744,BR0075816,TD Curitiba,FADEL,M1A,R,,5,,0.0,5.0,2026-07-02,
BR0075950R46205,C470901,BR0075950,TD Curitiba,FADEL,M1A,R,22.0,6,0.2727272727272727,15.399999999999999,-9.399999999999999,2026-07-02,
BR0219554R46205,C470025,BR0219554,TD Curitiba,FADEL,M1,R,,,,0.0,,2026-07-02,
BR0219562R46205,C470026,BR0219562,TD Curitiba,FADEL,M1,R,,,,0.0,,2026-07-02,
BR0075813R46205,C470750,BR0075813,TD Curitiba,FADEL,M1,R,,,,0.0,,2026-07-02,
BR0219544R46205,C470003,BR0219544,TD Curitiba,FADEL,M1,R,,,,0.0,,2026-07-02,
BR0219545R46205,C470010,BR0219545,TD Curitiba,FADEL,M1,R,,,,0.0,,2026-07-02,
BR0219549R46205,C470021,BR0219549,TD Curitiba,FADEL,M1,R,,,,0.0,,2026-07-02,
BR0075703R46205,C470742,BR0075703,TD Curitiba,FADEL,M1,R,16.0,,,11.2,,2026-07-02,
BR0075865R46205,C470745,BR0075865,TD Curitiba,FADEL,M1,R,,,,0.0,,2026-07-02,
BR0075849R46205,C470900,BR0075849,TD Curitiba,FADEL,M1,R,,,,0.0,,2026-07-02,
BR0075512R46205,C470902,BR0075512,TD Curitiba,FADEL,M1,R,,,,0.0,,2026-07-02,
BR0075841R46205,C470743,BR0075841,TD Curitiba,FADEL,M1,R,,,,0.0,,2026-07-02,
BR0075785R46205,C470904,BR0075785,TD Curitiba,FADEL,M1,R,,,,0.0,,2026-07-02,
BR0075542R46205,C470868,BR0075542,TD Curitiba,FADEL,M1,R,,,,0.0,,2026-07-02,
BR0422998R46205,C470027,BR0422998,TD Curitiba,FADEL,M1,R,,,,0.0,,2026-07-02,
BR0422999R46205,C470028,BR0422999,TD Curitiba,FADEL,M1,R,,,,0.0,,2026-07-02,
BR0423000R46205,C470033,BR0423000,TD Curitiba,FADEL,M1,R,,,,0.0,,2026-07-02,
BR0423001R46205,C470101,BR0423001,TD Curitiba,FADEL,M1,R,,,,0.0,,2026-07-02,
BR0423002R46205,C470102,BR0423002,TD Curitiba,FADEL,M1,R,,,,0.0,,2026-07-02,
BR0075882R46205,C470870,BR0075882,TD Curitiba,FADEL,M1,R,,,,0.0,,2026-07-02,
BR0219552R46205,C470023,BR0219552,TD Curitiba,FADEL,M1,R,,,,0.0,,2026-07-02,
BR0219546R46205,C470014,BR0219546,TD Curitiba,FADEL,M1,R,,,,0.0,,2026-07-02,
BR0219599R46205,C470808,BR0219599,TD Curitiba,FADEL,M1,R,21.0,83,3.9523809523809526,14.7,68.3,2026-07-02,
BR0219600R46205,C470809,BR0219600,TD Curitiba,FADEL,M1,R,15.0,,,10.5,,2026-07-02,
BR0219601R46205,C470810,BR0219601,TD Curitiba,FADEL,M1,R,24.0,0,0.0,16.799999999999997,-16.799999999999997,2026-07-02,
BR0219603R46205,C470823,BR0219603,TD Curitiba,FADEL,M1,R,14.0,,,9.799999999999999,,2026-07-02,
BR0219605R46205,C470824,BR0219605,TD Curitiba,FADEL,M1,R,37.0,0,0.0,25.9,-25.9,2026-07-02,
BR0219606R46205,C470825,BR0219606,TD Curitiba,FADEL,M1,R,32.0,0,0.0,22.4,-22.4,2026-07-02,
BR0219609R46205,C470827,BR0219609,TD Curitiba,FADEL,M1,R,,,,0.0,,2026-07-02,
BR0219610R46205,C470828,BR0219610,TD Curitiba,FADEL,M1,R,,,,0.0,,2026-07-02,
BR0075562R46205,C470022,BR0075562,TD Curitiba,FADEL,M1,R,11.0,,,7.699999999999999,,2026-07-02,
BR0075684R46205,C470739,BR0075684,TD Curitiba,FADEL,M1,R,,,,0.0,,2026-07-02,
BR0075652R46205,C470751,BR0075652,TD Curitiba,FADEL,M1,R,10.0,,,7.0,,2026-07-02,
BR0219608R46205,C470826,BR0219608,TD Curitiba,FADEL,M1,R,,,,0.0,,2026-07-02,
BR0075807R46205,C470747,BR0075807,TD Curitiba,FADEL,M1,R,,,,0.0,,2026-07-02,
BR0075798R46205,C470748,BR0075798,TD Curitiba,FADEL,M1,R,,,,0.0,,2026-07-02,
BR0075774R46205,C470752,BR0075774,TD Curitiba,FADEL,M1,R,,,,0.0,,2026-07-02,
BR0075712R46205,C470844,BR0075712,TD Curitiba,FADEL,M1,R,,,,0.0,,2026-07-02,
BR0075595R46205,C470912,BR0075595,TD Curitiba,FADEL,M1,R,,,,0.0,,2026-07-02,
BR0075783R46205,C470867,BR0075783,TD Curitiba,FADEL,M1,R,,,,0.0,,2026-07-02,
BR0075507R46205,C470866,BR0075507,TD Curitiba,FADEL,Grocery,R,,0,,0.0,0.0,2026-07-02,
BR0075522R46205,C470906,BR0075522,TD Curitiba,FADEL,Grocery,R,65.0,,,45.5,,2026-07-02,
BR0075549R46205,C470911,BR0075549,TD Curitiba,FADEL,Grocery,R,11.0,200,18.181818181818183,7.699999999999999,192.3,2026-07-02,
BR0075781R46205,C470903,BR0075781,TD Curitiba,FADEL,Grocery,R,21.0,,,14.7,,2026-07-02,
BR0075802R46205,C470746,BR0075802,TD Curitiba,FADEL,Grocery,R,15.0,0,0.0,10.5,-10.5,2026-07-02,
BR0442251R46205,C470801,BR0442251,TV CURITIBA 1,BAT,Prompt,R,,,,0.0,,2026-07-02,
BR0442252R46205,C470802,BR0442252,TV CURITIBA 1,BAT,Prompt,R,,,,0.0,,2026-07-02,
BR0442186R46205,C470924,BR0442186,TV CASCAVEL,BAT,Prompt,R,0.0,,,0.0,,2026-07-02,
BR0442230R46205,C470907,BR0442230,TV CASCAVEL,BAT,Prompt,R,,,,0.0,,2026-07-02,
BR0442231R46205,C470908,BR0442231,TV CASCAVEL,BAT,Prompt,R,0.0,,,0.0,,2026-07-02,
BR0442185R46205,C470923,BR0442185,TV CASCAVEL,BAT,Prompt,R,0.0,,,0.0,,2026-07-02,
BR0442702R46205,C470803,BR0442702,TV CASCAVEL,BAT,Prompt,R,0.0,,,0.0,,2026-07-02,
BR0347315R46205,C470841,BR0347315,TV CURITIBA 2,BAT,Prompt,R,,,,0.0,,2026-07-02,
BR0347316R46205,C470842,BR0347316,TV CURITIBA 2,BAT,Prompt,R,,,,0.0,,2026-07-02,
BR0442236R46205,C470976,BR0442236,TV CURITIBA 2,BAT,Prompt,R,0.0,,,0.0,,2026-07-02,
BR0442237R46205,C470980,BR0442237,TV CURITIBA 2,BAT,Prompt,R,,,,0.0,,2026-07-02,
BR0442243R46205,C470999,BR0442243,TV CURITIBA 2,BAT,Prompt,R,,,,0.0,,2026-07-02,
BR0442232R46205,C470909,BR0442232,TV CURITIBA 2,BAT,Prompt,R,0.0,,,0.0,,2026-07-02,
BR0442240R46205,C470977,BR0442240,TV CURITIBA 2,BAT,Prompt,R,0.0,,,0.0,,2026-07-02,
BR0442242R46205,C470958,BR0442242,TV CURITIBA 2,BAT,Prompt,R,,0,,0.0,0.0,2026-07-02,
BR0442233R46205,C470910,BR0442233,TV CURITIBA 2,BAT,Prompt,R,0.0,,,0.0,,2026-07-02,
BR0442234R46205,C470915,BR0442234,TV CURITIBA 2,BAT,Prompt,R,0.0,,,0.0,,2026-07-02,
BR0442235R46205,C470920,BR0442235,TV CURITIBA 2,BAT,Prompt,R,,,,0.0,,2026-07-02,
BR0442245R46205,C470759,BR0442245,TV CURITIBA 2,BAT,Prompt,R,,,,0.0,,2026-07-02,
BR0442246R46205,C470760,BR0442246,TV CURITIBA 2,BAT,Prompt,R,0.0,,,0.0,,2026-07-02,
BR0075485R46206,C470741,BR0075485,TD Curitiba,FADEL,M1,R,29.0,0,0.0,20.299999999999997,-20.299999999999997,2026-07-03,
BR0075488R46206,C470038,BR0075488,TD Curitiba,FADEL,M1,R,38.0,0,0.0,26.599999999999998,-26.599999999999998,2026-07-03,
BR0075494R46206,C470024,BR0075494,TD Curitiba,FADEL,M1,R,19.0,0,0.0,13.299999999999999,-13.299999999999999,2026-07-03,
BR0075517R46206,C470831,BR0075517,TD Curitiba,FADEL,M1,R,9.0,5,0.5555555555555556,6.3,-1.2999999999999998,2026-07-03,
BR0075564R46206,C470740,BR0075564,TD Curitiba,FADEL,M1,R,11.0,26,2.3636363636363638,7.699999999999999,18.3,2026-07-03,
BR0075595R46206,C470912,BR0075595,TD Curitiba,FADEL,M1,R,,,,0.0,,2026-07-03,
BR0075598R46206,C470749,BR0075598,TD Curitiba,FADEL,M1,R,20.0,3,0.15,14.0,-11.0,2026-07-03,
BR0075727R46206,C470905,BR0075727,TD Curitiba,FADEL,M1,R,37.0,0,0.0,25.9,-25.9,2026-07-03,
BR0075816R46206,C470744,BR0075816,TD Curitiba,FADEL,M1A,R,,,,0.0,,2026-07-03,
BR0075950R46206,C470901,BR0075950,TD Curitiba,FADEL,M1A,R,11.0,1,0.09090909090909091,7.699999999999999,-6.699999999999999,2026-07-03,
BR0219554R46206,C470025,BR0219554,TD Curitiba,FADEL,M1,R,,,,0.0,,2026-07-03,
BR0219562R46206,C470026,BR0219562,TD Curitiba,FADEL,M1,R,,,,0.0,,2026-07-03,
BR0075813R46206,C470750,BR0075813,TD Curitiba,FADEL,M1,R,,,,0.0,,2026-07-03,
BR0219544R46206,C470003,BR0219544,TD Curitiba,FADEL,M1,R,,,,0.0,,2026-07-03,
BR0219545R46206,C470010,BR0219545,TD Curitiba,FADEL,M1,R,,,,0.0,,2026-07-03,
BR0219549R46206,C470021,BR0219549,TD Curitiba,FADEL,M1,R,,,,0.0,,2026-07-03,
BR0075703R46206,C470742,BR0075703,TD Curitiba,FADEL,M1,R,,0,,0.0,0.0,2026-07-03,
BR0075865R46206,C470745,BR0075865,TD Curitiba,FADEL,M1,R,,,,0.0,,2026-07-03,
BR0075849R46206,C470900,BR0075849,TD Curitiba,FADEL,M1,R,,,,0.0,,2026-07-03,
BR0075512R46206,C470902,BR0075512,TD Curitiba,FADEL,M1,R,,0,,0.0,0.0,2026-07-03,
BR0075841R46206,C470743,BR0075841,TD Curitiba,FADEL,M1,R,,0,,0.0,0.0,2026-07-03,
BR0075785R46206,C470904,BR0075785,TD Curitiba,FADEL,M1,R,,,,0.0,,2026-07-03,
BR0075542R46206,C470868,BR0075542,TD Curitiba,FADEL,M1,R,,,,0.0,,2026-07-03,
BR0422998R46206,C470027,BR0422998,TD Curitiba,FADEL,M1,R,,,,0.0,,2026-07-03,
BR0422999R46206,C470028,BR0422999,TD Curitiba,FADEL,M1,R,,,,0.0,,2026-07-03,
BR0423000R46206,C470033,BR0423000,TD Curitiba,FADEL,M1,R,,,,0.0,,2026-07-03,
BR0423001R46206,C470101,BR0423001,TD Curitiba,FADEL,M1,R,,,,0.0,,2026-07-03,
BR0423002R46206,C470102,BR0423002,TD Curitiba,FADEL,M1,R,,,,0.0,,2026-07-03,
BR0075882R46206,C470870,BR0075882,TD Curitiba,FADEL,M1,R,,,,0.0,,2026-07-03,
BR0219552R46206,C470023,BR0219552,TD Curitiba,FADEL,M1,R,,,,0.0,,2026-07-03,
BR0219546R46206,C470014,BR0219546,TD Curitiba,FADEL,M1,R,,,,0.0,,2026-07-03,
BR0219599R46206,C470808,BR0219599,TD Curitiba,FADEL,M1,R,,0,,0.0,0.0,2026-07-03,
BR0219600R46206,C470809,BR0219600,TD Curitiba,FADEL,M1,R,,,,0.0,,2026-07-03,
BR0219601R46206,C470810,BR0219601,TD Curitiba,FADEL,M1,R,38.0,5,0.13157894736842105,26.599999999999998,-21.599999999999998,2026-07-03,
BR0219603R46206,C470823,BR0219603,TD Curitiba,FADEL,M1,R,,,,0.0,,2026-07-03,
BR0219605R46206,C470824,BR0219605,TD Curitiba,FADEL,M1,R,,,,0.0,,2026-07-03,
BR0219606R46206,C470825,BR0219606,TD Curitiba,FADEL,M1,R,10.0,,,7.0,,2026-07-03,
BR0219609R46206,C470827,BR0219609,TD Curitiba,FADEL,M1,R,,,,0.0,,2026-07-03,
BR0219610R46206,C470828,BR0219610,TD Curitiba,FADEL,M1,R,,,,0.0,,2026-07-03,
BR0075562R46206,C470022,BR0075562,TD Curitiba,FADEL,M1,R,,,,0.0,,2026-07-03,
BR0075684R46206,C470739,BR0075684,TD Curitiba,FADEL,M1,R,,,,0.0,,2026-07-03,
BR0075652R46206,C470751,BR0075652,TD Curitiba,FADEL,M1,R,,,,0.0,,2026-07-03,
BR0219608R46206,C470826,BR0219608,TD Curitiba,FADEL,M1,R,,,,0.0,,2026-07-03,
BR0075807R46206,C470747,BR0075807,TD Curitiba,FADEL,M1,R,,,,0.0,,2026-07-03,
BR0075798R46206,C470748,BR0075798,TD Curitiba,FADEL,M1,R,,,,0.0,,2026-07-03,
BR0075774R46206,C470752,BR0075774,TD Curitiba,FADEL,M1,R,,,,0.0,,2026-07-03,
BR0075712R46206,C470844,BR0075712,TD Curitiba,FADEL,M1,R,,,,0.0,,2026-07-03,
BR0075595R46206,C470912,BR0075595,TD Curitiba,FADEL,M1,R,,,,0.0,,2026-07-03,
BR0075783R46206,C470867,BR0075783,TD Curitiba,FADEL,M1,R,,,,0.0,,2026-07-03,
BR0075507R46206,C470866,BR0075507,TD Curitiba,FADEL,Grocery,R,,0,,0.0,0.0,2026-07-03,
BR0075522R46206,C470906,BR0075522,TD Curitiba,FADEL,Grocery,R,94.0,,,65.8,,2026-07-03,
BR0075549R46206,C470911,BR0075549,TD Curitiba,FADEL,Grocery,R,,,,0.0,,2026-07-03,
BR0075781R46206,C470903,BR0075781,TD Curitiba,FADEL,Grocery,R,77.0,0,0.0,53.9,-53.9,2026-07-03,
BR0075802R46206,C470746,BR0075802,TD Curitiba,FADEL,Grocery,R,,,,0.0,,2026-07-03,
BR0442251R46206,C470801,BR0442251,TV CURITIBA 1,BAT,Prompt,R,,,,0.0,,2026-07-03,
BR0442252R46206,C470802,BR0442252,TV CURITIBA 1,BAT,Prompt,R,,,,0.0,,2026-07-03,
BR0442186R46206,C470924,BR0442186,TV CASCAVEL,BAT,Prompt,R,0.0,,,0.0,,2026-07-03,
BR0442230R46206,C470907,BR0442230,TV CASCAVEL,BAT,Prompt,R,,,,0.0,,2026-07-03,
BR0442231R46206,C470908,BR0442231,TV CASCAVEL,BAT,Prompt,R,0.0,,,0.0,,2026-07-03,
BR0442185R46206,C470923,BR0442185,TV CASCAVEL,BAT,Prompt,R,0.0,,,0.0,,2026-07-03,
BR0442702R46206,C470803,BR0442702,TV CASCAVEL,BAT,Prompt,R,,,,0.0,,2026-07-03,
BR0347315R46206,C470841,BR0347315,TV CURITIBA 2,BAT,Prompt,R,,,,0.0,,2026-07-03,
BR0347316R46206,C470842,BR0347316,TV CURITIBA 2,BAT,Prompt,R,,,,0.0,,2026-07-03,
BR0442236R46206,C470976,BR0442236,TV CURITIBA 2,BAT,Prompt,R,,,,0.0,,2026-07-03,
BR0442237R46206,C470980,BR0442237,TV CURITIBA 2,BAT,Prompt,R,,,,0.0,,2026-07-03,
BR0442243R46206,C470999,BR0442243,TV CURITIBA 2,BAT,Prompt,R,,,,0.0,,2026-07-03,
BR0442232R46206,C470909,BR0442232,TV CURITIBA 2,BAT,Prompt,R,,0,,0.0,0.0,2026-07-03,
BR0442240R46206,C470977,BR0442240,TV CURITIBA 2,BAT,Prompt,R,,,,0.0,,2026-07-03,
BR0442242R46206,C470958,BR0442242,TV CURITIBA 2,BAT,Prompt,R,,,,0.0,,2026-07-03,
BR0442233R46206,C470910,BR0442233,TV CURITIBA 2,BAT,Prompt,R,0.0,,,0.0,,2026-07-03,
BR0442234R46206,C470915,BR0442234,TV CURITIBA 2,BAT,Prompt,R,0.0,,,0.0,,2026-07-03,
BR0442235R46206,C470920,BR0442235,TV CURITIBA 2,BAT,Prompt,R,0.0,,,0.0,,2026-07-03,
BR0442245R46206,C470759,BR0442245,TV CURITIBA 2,BAT,Prompt,R,,,,0.0,,2026-07-03,
BR0442246R46206,C470760,BR0442246,TV CURITIBA 2,BAT,Prompt,R,0.0,,,0.0,,2026-07-03,
BR0075485R46209,C470741,BR0075485,TD Curitiba,FADEL,M1,R,37.0,28,0.7567567567567568,25.9,2.1000000000000014,2026-07-06,
BR0075488R46209,C470038,BR0075488,TD Curitiba,FADEL,M1,R,37.0,0,0.0,25.9,-25.9,2026-07-06,
BR0075494R46209,C470024,BR0075494,TD Curitiba,FADEL,M1,R,54.0,0,0.0,37.8,-37.8,2026-07-06,
BR0075517R46209,C470831,BR0075517,TD Curitiba,FADEL,M1,R,27.0,,,18.9,,2026-07-06,
BR0075564R46209,C470740,BR0075564,TD Curitiba,FADEL,M1,R,16.0,0,0.0,11.2,-11.2,2026-07-06,
BR0075595R46209,C470912,BR0075595,TD Curitiba,FADEL,M1,R,,,,0.0,,2026-07-06,
BR0075598R46209,C470749,BR0075598,TD Curitiba,FADEL,M1,R,13.0,0,0.0,9.1,-9.1,2026-07-06,
BR0075727R46209,C470905,BR0075727,TD Curitiba,FADEL,M1,R,32.0,0,0.0,22.4,-22.4,2026-07-06,
BR0075816R46209,C470744,BR0075816,TD Curitiba,FADEL,M1A,R,,,,0.0,,2026-07-06,
BR0075950R46209,C470901,BR0075950,TD Curitiba,FADEL,M1A,R,30.0,0,0.0,21.0,-21.0,2026-07-06,
BR0219554R46209,C470025,BR0219554,TD Curitiba,FADEL,M1,R,,,,0.0,,2026-07-06,
BR0219562R46209,C470026,BR0219562,TD Curitiba,FADEL,M1,R,,,,0.0,,2026-07-06,
BR0075813R46209,C470750,BR0075813,TD Curitiba,FADEL,M1,R,,,,0.0,,2026-07-06,
BR0219544R46209,C470003,BR0219544,TD Curitiba,FADEL,M1,R,,,,0.0,,2026-07-06,
BR0219545R46209,C470010,BR0219545,TD Curitiba,FADEL,M1,R,,,,0.0,,2026-07-06,
BR0219549R46209,C470021,BR0219549,TD Curitiba,FADEL,M1,R,,,,0.0,,2026-07-06,
BR0075703R46209,C470742,BR0075703,TD Curitiba,FADEL,M1,R,,,,0.0,,2026-07-06,
BR0075865R46209,C470745,BR0075865,TD Curitiba,FADEL,M1,R,23.0,21,0.9130434782608695,16.099999999999998,4.900000000000002,2026-07-06,
BR0075849R46209,C470900,BR0075849,TD Curitiba,FADEL,M1,R,,,,0.0,,2026-07-06,
BR0075512R46209,C470902,BR0075512,TD Curitiba,FADEL,M1,R,,,,0.0,,2026-07-06,
BR0075841R46209,C470743,BR0075841,TD Curitiba,FADEL,M1,R,,,,0.0,,2026-07-06,
BR0075785R46209,C470904,BR0075785,TD Curitiba,FADEL,M1,R,,,,0.0,,2026-07-06,
BR0075542R46209,C470868,BR0075542,TD Curitiba,FADEL,M1,R,,,,0.0,,2026-07-06,
BR0422998R46209,C470027,BR0422998,TD Curitiba,FADEL,M1,R,,,,0.0,,2026-07-06,
BR0422999R46209,C470028,BR0422999,TD Curitiba,FADEL,M1,R,,,,0.0,,2026-07-06,
BR0423000R46209,C470033,BR0423000,TD Curitiba,FADEL,M1,R,,,,0.0,,2026-07-06,
BR0423001R46209,C470101,BR0423001,TD Curitiba,FADEL,M1,R,,,,0.0,,2026-07-06,
BR0423002R46209,C470102,BR0423002,TD Curitiba,FADEL,M1,R,,,,0.0,,2026-07-06,
BR0075882R46209,C470870,BR0075882,TD Curitiba,FADEL,M1,R,,,,0.0,,2026-07-06,
BR0219552R46209,C470023,BR0219552,TD Curitiba,FADEL,M1,R,,,,0.0,,2026-07-06,
BR0219546R46209,C470014,BR0219546,TD Curitiba,FADEL,M1,R,,,,0.0,,2026-07-06,
BR0219599R46209,C470808,BR0219599,TD Curitiba,FADEL,M1,R,30.0,,,21.0,,2026-07-06,
BR0219600R46209,C470809,BR0219600,TD Curitiba,FADEL,M1,R,8.0,1,0.125,5.6,-4.6,2026-07-06,
BR0219601R46209,C470810,BR0219601,TD Curitiba,FADEL,M1,R,28.0,,,19.599999999999998,,2026-07-06,
BR0219603R46209,C470823,BR0219603,TD Curitiba,FADEL,M1,R,21.0,,,14.7,,2026-07-06,
BR0219605R46209,C470824,BR0219605,TD Curitiba,FADEL,M1,R,20.0,,,14.0,,2026-07-06,
BR0219606R46209,C470825,BR0219606,TD Curitiba,FADEL,M1,R,30.0,0,0.0,21.0,-21.0,2026-07-06,
BR0219609R46209,C470827,BR0219609,TD Curitiba,FADEL,M1,R,,,,0.0,,2026-07-06,
BR0219610R46209,C470828,BR0219610,TD Curitiba,FADEL,M1,R,,,,0.0,,2026-07-06,
BR0075562R46209,C470022,BR0075562,TD Curitiba,FADEL,M1,R,,,,0.0,,2026-07-06,
BR0075684R46209,C470739,BR0075684,TD Curitiba,FADEL,M1,R,,,,0.0,,2026-07-06,
BR0075652R46209,C470751,BR0075652,TD Curitiba,FADEL,M1,R,,,,0.0,,2026-07-06,
BR0219608R46209,C470826,BR0219608,TD Curitiba,FADEL,M1,R,,,,0.0,,2026-07-06,
BR0075807R46209,C470747,BR0075807,TD Curitiba,FADEL,M1,R,,,,0.0,,2026-07-06,
BR0075798R46209,C470748,BR0075798,TD Curitiba,FADEL,M1,R,,,,0.0,,2026-07-06,
BR0075774R46209,C470752,BR0075774,TD Curitiba,FADEL,M1,R,,,,0.0,,2026-07-06,
BR0075712R46209,C470844,BR0075712,TD Curitiba,FADEL,M1,R,,,,0.0,,2026-07-06,
BR0075595R46209,C470912,BR0075595,TD Curitiba,FADEL,M1,R,,,,0.0,,2026-07-06,
BR0075783R46209,C470867,BR0075783,TD Curitiba,FADEL,M1,R,,,,0.0,,2026-07-06,
BR0075507R46209,C470866,BR0075507,TD Curitiba,FADEL,Grocery,R,,,,0.0,,2026-07-06,
BR0075522R46209,C470906,BR0075522,TD Curitiba,FADEL,Grocery,R,63.0,,,44.099999999999994,,2026-07-06,
BR0075549R46209,C470911,BR0075549,TD Curitiba,FADEL,Grocery,R,22.0,0,0.0,15.399999999999999,-15.399999999999999,2026-07-06,
BR0075781R46209,C470903,BR0075781,TD Curitiba,FADEL,Grocery,R,69.0,,,48.3,,2026-07-06,
BR0075802R46209,C470746,BR0075802,TD Curitiba,FADEL,Grocery,R,13.0,,,9.1,,2026-07-06,
BR0442251R46209,C470801,BR0442251,TV CURITIBA 1,BAT,Prompt,R,,,,0.0,,2026-07-06,
BR0442252R46209,C470802,BR0442252,TV CURITIBA 1,BAT,Prompt,R,,,,0.0,,2026-07-06,
BR0442186R46209,C470924,BR0442186,TV CASCAVEL,BAT,Prompt,R,,,,0.0,,2026-07-06,
BR0442230R46209,C470907,BR0442230,TV CASCAVEL,BAT,Prompt,R,,,,0.0,,2026-07-06,
BR0442231R46209,C470908,BR0442231,TV CASCAVEL,BAT,Prompt,R,,,,0.0,,2026-07-06,
BR0442185R46209,C470923,BR0442185,TV CASCAVEL,BAT,Prompt,R,,,,0.0,,2026-07-06,
BR0442702R46209,C470803,BR0442702,TV CASCAVEL,BAT,Prompt,R,,,,0.0,,2026-07-06,
BR0347315R46209,C470841,BR0347315,TV CURITIBA 2,BAT,Prompt,R,,,,0.0,,2026-07-06,
BR0347316R46209,C470842,BR0347316,TV CURITIBA 2,BAT,Prompt,R,,,,0.0,,2026-07-06,
BR0442236R46209,C470976,BR0442236,TV CURITIBA 2,BAT,Prompt,R,,,,0.0,,2026-07-06,
BR0442237R46209,C470980,BR0442237,TV CURITIBA 2,BAT,Prompt,R,,,,0.0,,2026-07-06,
BR0442243R46209,C470999,BR0442243,TV CURITIBA 2,BAT,Prompt,R,,,,0.0,,2026-07-06,
BR0442232R46209,C470909,BR0442232,TV CURITIBA 2,BAT,Prompt,R,,,,0.0,,2026-07-06,
BR0442240R46209,C470977,BR0442240,TV CURITIBA 2,BAT,Prompt,R,,,,0.0,,2026-07-06,
BR0442242R46209,C470958,BR0442242,TV CURITIBA 2,BAT,Prompt,R,,,,0.0,,2026-07-06,
BR0442233R46209,C470910,BR0442233,TV CURITIBA 2,BAT,Prompt,R,,,,0.0,,2026-07-06,
BR0442234R46209,C470915,BR0442234,TV CURITIBA 2,BAT,Prompt,R,,,,0.0,,2026-07-06,
BR0442235R46209,C470920,BR0442235,TV CURITIBA 2,BAT,Prompt,R,,,,0.0,,2026-07-06,
BR0442245R46209,C470759,BR0442245,TV CURITIBA 2,BAT,Prompt,R,,,,0.0,,2026-07-06,
BR0442246R46209,C470760,BR0442246,TV CURITIBA 2,BAT,Prompt,R,,,,0.0,,2026-07-06,
BR0075485R46210,C470741,BR0075485,TD Curitiba,FADEL,M1,R,,,,0.0,0.0,2026-07-07,
BR0075488R46210,C470038,BR0075488,TD Curitiba,FADEL,M1,R,,,,0.0,0.0,2026-07-07,
BR0075494R46210,C470024,BR0075494,TD Curitiba,FADEL,M1,R,,,,0.0,0.0,2026-07-07,
BR0075517R46210,C470831,BR0075517,TD Curitiba,FADEL,M1,R,,,,0.0,0.0,2026-07-07,
BR0075564R46210,C470740,BR0075564,TD Curitiba,FADEL,M1,R,,,,0.0,0.0,2026-07-07,
BR0075595R46210,C470912,BR0075595,TD Curitiba,FADEL,M1,R,,,,0.0,0.0,2026-07-07,
BR0075598R46210,C470749,BR0075598,TD Curitiba,FADEL,M1,R,,,,0.0,0.0,2026-07-07,
BR0075727R46210,C470905,BR0075727,TD Curitiba,FADEL,M1,R,,,,0.0,0.0,2026-07-07,
BR0075816R46210,C470744,BR0075816,TD Curitiba,FADEL,M1A,R,,,,0.0,0.0,2026-07-07,
BR0075950R46210,C470901,BR0075950,TD Curitiba,FADEL,M1A,R,,,,0.0,0.0,2026-07-07,
BR0219554R46210,C470025,BR0219554,TD Curitiba,FADEL,M1,R,,,,0.0,,2026-07-07,
BR0219562R46210,C470026,BR0219562,TD Curitiba,FADEL,M1,R,,,,0.0,,2026-07-07,
BR0075813R46210,C470750,BR0075813,TD Curitiba,FADEL,M1,R,,,,0.0,,2026-07-07,
BR0219544R46210,C470003,BR0219544,TD Curitiba,FADEL,M1,R,,,,0.0,,2026-07-07,
BR0219545R46210,C470010,BR0219545,TD Curitiba,FADEL,M1,R,,,,0.0,,2026-07-07,
BR0219549R46210,C470021,BR0219549,TD Curitiba,FADEL,M1,R,,,,0.0,,2026-07-07,
BR0075703R46210,C470742,BR0075703,TD Curitiba,FADEL,M1,R,,,,0.0,,2026-07-07,
BR0075865R46210,C470745,BR0075865,TD Curitiba,FADEL,M1,R,,,,0.0,,2026-07-07,
BR0075849R46210,C470900,BR0075849,TD Curitiba,FADEL,M1,R,,,,0.0,,2026-07-07,
BR0075512R46210,C470902,BR0075512,TD Curitiba,FADEL,M1,R,32.0,,,22.4,,2026-07-07,
BR0075841R46210,C470743,BR0075841,TD Curitiba,FADEL,M1,R,,,,0.0,,2026-07-07,
BR0075785R46210,C470904,BR0075785,TD Curitiba,FADEL,M1,R,23.0,,,16.099999999999998,,2026-07-07,
BR0075542R46210,C470868,BR0075542,TD Curitiba,FADEL,M1,R,15.0,43,2.8666666666666667,10.5,32.5,2026-07-07,
BR0422998R46210,C470027,BR0422998,TD Curitiba,FADEL,M1,R,,,,0.0,,2026-07-07,
BR0422999R46210,C470028,BR0422999,TD Curitiba,FADEL,M1,R,,,,0.0,,2026-07-07,
BR0423000R46210,C470033,BR0423000,TD Curitiba,FADEL,M1,R,,,,0.0,,2026-07-07,
BR0423001R46210,C470101,BR0423001,TD Curitiba,FADEL,M1,R,,,,0.0,,2026-07-07,
BR0423002R46210,C470102,BR0423002,TD Curitiba,FADEL,M1,R,,,,0.0,,2026-07-07,
BR0075882R46210,C470870,BR0075882,TD Curitiba,FADEL,M1,R,,,,0.0,,2026-07-07,
BR0219552R46210,C470023,BR0219552,TD Curitiba,FADEL,M1,R,,,,0.0,,2026-07-07,
BR0219546R46210,C470014,BR0219546,TD Curitiba,FADEL,M1,R,,,,0.0,,2026-07-07,
BR0219599R46210,C470808,BR0219599,TD Curitiba,FADEL,M1,R,27.0,,,18.9,,2026-07-07,
BR0219600R46210,C470809,BR0219600,TD Curitiba,FADEL,M1,R,19.0,1,0.05263157894736842,13.299999999999999,-12.299999999999999,2026-07-07,
BR0219601R46210,C470810,BR0219601,TD Curitiba,FADEL,M1,R,30.0,0,0.0,21.0,-21.0,2026-07-07,
BR0219603R46210,C470823,BR0219603,TD Curitiba,FADEL,M1,R,24.0,0,0.0,16.799999999999997,-16.799999999999997,2026-07-07,
BR0219605R46210,C470824,BR0219605,TD Curitiba,FADEL,M1,R,34.0,0,0.0,23.799999999999997,-23.799999999999997,2026-07-07,
BR0219606R46210,C470825,BR0219606,TD Curitiba,FADEL,M1,R,28.0,2,0.07142857142857142,19.599999999999998,-17.599999999999998,2026-07-07,
BR0219609R46210,C470827,BR0219609,TD Curitiba,FADEL,M1,R,,,,0.0,,2026-07-07,
BR0219610R46210,C470828,BR0219610,TD Curitiba,FADEL,M1,R,,,,0.0,,2026-07-07,
BR0075562R46210,C470022,BR0075562,TD Curitiba,FADEL,M1,R,20.0,37,1.85,14.0,23.0,2026-07-07,
BR0075684R46210,C470739,BR0075684,TD Curitiba,FADEL,M1,R,,,,0.0,,2026-07-07,
BR0075652R46210,C470751,BR0075652,TD Curitiba,FADEL,M1,R,,,,0.0,,2026-07-07,
BR0219608R46210,C470826,BR0219608,TD Curitiba,FADEL,M1,R,,,,0.0,,2026-07-07,
BR0075807R46210,C470747,BR0075807,TD Curitiba,FADEL,M1,R,,,,0.0,,2026-07-07,
BR0075798R46210,C470748,BR0075798,TD Curitiba,FADEL,M1,R,,,,0.0,,2026-07-07,
BR0075774R46210,C470752,BR0075774,TD Curitiba,FADEL,M1,R,,,,0.0,,2026-07-07,
BR0075712R46210,C470844,BR0075712,TD Curitiba,FADEL,M1,R,,,,0.0,,2026-07-07,
BR0075595R46210,C470912,BR0075595,TD Curitiba,FADEL,M1,R,,,,0.0,,2026-07-07,
BR0075783R46210,C470867,BR0075783,TD Curitiba,FADEL,M1,R,,,,0.0,,2026-07-07,
BR0075507R46210,C470866,BR0075507,TD Curitiba,FADEL,Grocery,R,20.0,,,14.0,,2026-07-07,
BR0075522R46210,C470906,BR0075522,TD Curitiba,FADEL,Grocery,R,102.0,,,71.39999999999999,,2026-07-07,
BR0075549R46210,C470911,BR0075549,TD Curitiba,FADEL,Grocery,R,25.0,0,0.0,17.5,-17.5,2026-07-07,
BR0075781R46210,C470903,BR0075781,TD Curitiba,FADEL,Grocery,R,10.0,,,7.0,,2026-07-07,
BR0075802R46210,C470746,BR0075802,TD Curitiba,FADEL,Grocery,R,14.0,0,0.0,9.799999999999999,-9.799999999999999,2026-07-07,
BR0442251R46210,C470801,BR0442251,TV CURITIBA 1,BAT,Prompt,R,,,,0.0,,2026-07-07,
BR0442252R46210,C470802,BR0442252,TV CURITIBA 1,BAT,Prompt,R,,,,0.0,,2026-07-07,
BR0442186R46210,C470924,BR0442186,TV CASCAVEL,BAT,Prompt,R,,,,0.0,,2026-07-07,
BR0442230R46210,C470907,BR0442230,TV CASCAVEL,BAT,Prompt,R,,,,0.0,,2026-07-07,
BR0442231R46210,C470908,BR0442231,TV CASCAVEL,BAT,Prompt,R,,,,0.0,,2026-07-07,
BR0442185R46210,C470923,BR0442185,TV CASCAVEL,BAT,Prompt,R,,,,0.0,,2026-07-07,
BR0442702R46210,C470803,BR0442702,TV CASCAVEL,BAT,Prompt,R,,,,0.0,,2026-07-07,
BR0347315R46210,C470841,BR0347315,TV CURITIBA 2,BAT,Prompt,R,,,,0.0,,2026-07-07,
BR0347316R46210,C470842,BR0347316,TV CURITIBA 2,BAT,Prompt,R,,,,0.0,,2026-07-07,
BR0442236R46210,C470976,BR0442236,TV CURITIBA 2,BAT,Prompt,R,,,,0.0,,2026-07-07,
BR0442237R46210,C470980,BR0442237,TV CURITIBA 2,BAT,Prompt,R,,,,0.0,,2026-07-07,
BR0442243R46210,C470999,BR0442243,TV CURITIBA 2,BAT,Prompt,R,,,,0.0,,2026-07-07,
BR0442232R46210,C470909,BR0442232,TV CURITIBA 2,BAT,Prompt,R,,,,0.0,,2026-07-07,
BR0442240R46210,C470977,BR0442240,TV CURITIBA 2,BAT,Prompt,R,,,,0.0,,2026-07-07,
BR0442242R46210,C470958,BR0442242,TV CURITIBA 2,BAT,Prompt,R,,,,0.0,,2026-07-07,
BR0442233R46210,C470910,BR0442233,TV CURITIBA 2,BAT,Prompt,R,,,,0.0,,2026-07-07,
BR0442234R46210,C470915,BR0442234,TV CURITIBA 2,BAT,Prompt,R,,,,0.0,,2026-07-07,
BR0442235R46210,C470920,BR0442235,TV CURITIBA 2,BAT,Prompt,R,,,,0.0,,2026-07-07,
BR0442245R46210,C470759,BR0442245,TV CURITIBA 2,BAT,Prompt,R,,,,0.0,,2026-07-07,
BR0442246R46210,C470760,BR0442246,TV CURITIBA 2,BAT,Prompt,R,,,,0.0,,2026-07-07,
BR0075485R46211,C470741,BR0075485,TD Curitiba,FADEL,M1,R,32.0,14,0.4375,22.4,-8.399999999999999,2026-07-08,
BR0075488R46211,C470038,BR0075488,TD Curitiba,FADEL,M1,R,17.0,0,0.0,11.899999999999999,-11.899999999999999,2026-07-08,
BR0075494R46211,C470024,BR0075494,TD Curitiba,FADEL,M1,R,14.0,0,0.0,9.799999999999999,-9.799999999999999,2026-07-08,
BR0075517R46211,C470831,BR0075517,TD Curitiba,FADEL,M1,R,25.0,7,0.28,17.5,-10.5,2026-07-08,
BR0075564R46211,C470740,BR0075564,TD Curitiba,FADEL,M1,R,35.0,,,24.5,,2026-07-08,
BR0075595R46211,C470912,BR0075595,TD Curitiba,FADEL,M1,R,,,,0.0,,2026-07-08,
BR0075598R46211,C470749,BR0075598,TD Curitiba,FADEL,M1,R,24.0,0,0.0,16.799999999999997,-16.799999999999997,2026-07-08,
BR0075727R46211,C470905,BR0075727,TD Curitiba,FADEL,M1,R,12.0,,,8.399999999999999,,2026-07-08,
BR0075816R46211,C470744,BR0075816,TD Curitiba,FADEL,M1A,R,,,,0.0,,2026-07-08,
BR0075950R46211,C470901,BR0075950,TD Curitiba,FADEL,M1A,R,28.0,,,19.599999999999998,,2026-07-08,
BR0219554R46211,C470025,BR0219554,TD Curitiba,FADEL,M1,R,,,,0.0,,2026-07-08,
BR0219562R46211,C470026,BR0219562,TD Curitiba,FADEL,M1,R,,,,0.0,,2026-07-08,
BR0075813R46211,C470750,BR0075813,TD Curitiba,FADEL,M1,R,,,,0.0,,2026-07-08,
BR0219544R46211,C470003,BR0219544,TD Curitiba,FADEL,M1,R,,,,0.0,,2026-07-08,
BR0219545R46211,C470010,BR0219545,TD Curitiba,FADEL,M1,R,,,,0.0,,2026-07-08,
BR0219549R46211,C470021,BR0219549,TD Curitiba,FADEL,M1,R,,,,0.0,,2026-07-08,
BR0075703R46211,C470742,BR0075703,TD Curitiba,FADEL,M1,R,,,,0.0,,2026-07-08,
BR0075865R46211,C470745,BR0075865,TD Curitiba,FADEL,M1,R,,,,0.0,,2026-07-08,
BR0075849R46211,C470900,BR0075849,TD Curitiba,FADEL,M1,R,,,,0.0,,2026-07-08,
BR0075512R46211,C470902,BR0075512,TD Curitiba,FADEL,M1,R,,0,,0.0,0.0,2026-07-08,
BR0075841R46211,C470743,BR0075841,TD Curitiba,FADEL,M1,R,29.0,,,20.299999999999997,,2026-07-08,
BR0075785R46211,C470904,BR0075785,TD Curitiba,FADEL,M1,R,,,,0.0,,2026-07-08,
BR0075542R46211,C470868,BR0075542,TD Curitiba,FADEL,M1,R,,,,0.0,,2026-07-08,
BR0422998R46211,C470027,BR0422998,TD Curitiba,FADEL,M1,R,,,,0.0,,2026-07-08,
BR0422999R46211,C470028,BR0422999,TD Curitiba,FADEL,M1,R,,,,0.0,,2026-07-08,
BR0423000R46211,C470033,BR0423000,TD Curitiba,FADEL,M1,R,,,,0.0,,2026-07-08,
BR0423001R46211,C470101,BR0423001,TD Curitiba,FADEL,M1,R,,,,0.0,,2026-07-08,
BR0423002R46211,C470102,BR0423002,TD Curitiba,FADEL,M1,R,,,,0.0,,2026-07-08,
BR0075882R46211,C470870,BR0075882,TD Curitiba,FADEL,M1,R,16.0,38,2.375,11.2,26.8,2026-07-08,
BR0219552R46211,C470023,BR0219552,TD Curitiba,FADEL,M1,R,,,,0.0,,2026-07-08,
BR0219546R46211,C470014,BR0219546,TD Curitiba,FADEL,M1,R,,,,0.0,,2026-07-08,
BR0219599R46211,C470808,BR0219599,TD Curitiba,FADEL,M1,R,35.0,,,24.5,,2026-07-08,
BR0219600R46211,C470809,BR0219600,TD Curitiba,FADEL,M1,R,32.0,,,22.4,,2026-07-08,
BR0219601R46211,C470810,BR0219601,TD Curitiba,FADEL,M1,R,33.0,,,23.099999999999998,,2026-07-08,
BR0219603R46211,C470823,BR0219603,TD Curitiba,FADEL,M1,R,18.0,5,0.2777777777777778,12.6,-7.6,2026-07-08,
BR0219605R46211,C470824,BR0219605,TD Curitiba,FADEL,M1,R,28.0,0,0.0,19.599999999999998,-19.599999999999998,2026-07-08,
BR0219606R46211,C470825,BR0219606,TD Curitiba,FADEL,M1,R,38.0,,,26.599999999999998,,2026-07-08,
BR0219609R46211,C470827,BR0219609,TD Curitiba,FADEL,M1,R,,,,0.0,,2026-07-08,
BR0219610R46211,C470828,BR0219610,TD Curitiba,FADEL,M1,R,,,,0.0,,2026-07-08,
BR0075562R46211,C470022,BR0075562,TD Curitiba,FADEL,M1,R,22.0,,,15.399999999999999,,2026-07-08,
BR0075684R46211,C470739,BR0075684,TD Curitiba,FADEL,M1,R,,,,0.0,,2026-07-08,
BR0075652R46211,C470751,BR0075652,TD Curitiba,FADEL,M1,R,,,,0.0,,2026-07-08,
BR0219608R46211,C470826,BR0219608,TD Curitiba,FADEL,M1,R,,,,0.0,,2026-07-08,
BR0075807R46211,C470747,BR0075807,TD Curitiba,FADEL,M1,R,,,,0.0,,2026-07-08,
BR0075798R46211,C470748,BR0075798,TD Curitiba,FADEL,M1,R,,,,0.0,,2026-07-08,
BR0075774R46211,C470752,BR0075774,TD Curitiba,FADEL,M1,R,,,,0.0,,2026-07-08,
BR0075712R46211,C470844,BR0075712,TD Curitiba,FADEL,M1,R,,,,0.0,,2026-07-08,
BR0075595R46211,C470912,BR0075595,TD Curitiba,FADEL,M1,R,,,,0.0,,2026-07-08,
BR0075783R46211,C470867,BR0075783,TD Curitiba,FADEL,M1,R,,,,0.0,,2026-07-08,
BR0075507R46211,C470866,BR0075507,TD Curitiba,FADEL,Grocery,R,,,,0.0,,2026-07-08,
BR0075522R46211,C470906,BR0075522,TD Curitiba,FADEL,Grocery,R,51.0,,,35.699999999999996,,2026-07-08,
BR0075549R46211,C470911,BR0075549,TD Curitiba,FADEL,Grocery,R,19.0,39,2.0526315789473686,13.299999999999999,25.700000000000003,2026-07-08,
BR0075781R46211,C470903,BR0075781,TD Curitiba,FADEL,Grocery,R,12.0,0,0.0,8.399999999999999,-8.399999999999999,2026-07-08,
BR0075802R46211,C470746,BR0075802,TD Curitiba,FADEL,Grocery,R,11.0,,,7.699999999999999,,2026-07-08,
BR0442251R46211,C470801,BR0442251,TV CURITIBA 1,BAT,Prompt,R,,,,0.0,,2026-07-08,
BR0442252R46211,C470802,BR0442252,TV CURITIBA 1,BAT,Prompt,R,,0,,0.0,0.0,2026-07-08,
BR0442186R46211,C470924,BR0442186,TV CASCAVEL,BAT,Prompt,R,,,,0.0,,2026-07-08,
BR0442230R46211,C470907,BR0442230,TV CASCAVEL,BAT,Prompt,R,,,,0.0,,2026-07-08,
BR0442231R46211,C470908,BR0442231,TV CASCAVEL,BAT,Prompt,R,,,,0.0,,2026-07-08,
BR0442185R46211,C470923,BR0442185,TV CASCAVEL,BAT,Prompt,R,,,,0.0,,2026-07-08,
BR0442702R46211,C470803,BR0442702,TV CASCAVEL,BAT,Prompt,R,,0,,0.0,0.0,2026-07-08,
BR0347315R46211,C470841,BR0347315,TV CURITIBA 2,BAT,Prompt,R,,,,0.0,,2026-07-08,
BR0347316R46211,C470842,BR0347316,TV CURITIBA 2,BAT,Prompt,R,,,,0.0,,2026-07-08,
BR0442236R46211,C470976,BR0442236,TV CURITIBA 2,BAT,Prompt,R,,,,0.0,,2026-07-08,
BR0442237R46211,C470980,BR0442237,TV CURITIBA 2,BAT,Prompt,R,,,,0.0,,2026-07-08,
BR0442243R46211,C470999,BR0442243,TV CURITIBA 2,BAT,Prompt,R,,,,0.0,,2026-07-08,
BR0442232R46211,C470909,BR0442232,TV CURITIBA 2,BAT,Prompt,R,,,,0.0,,2026-07-08,
BR0442240R46211,C470977,BR0442240,TV CURITIBA 2,BAT,Prompt,R,,,,0.0,,2026-07-08,
BR0442242R46211,C470958,BR0442242,TV CURITIBA 2,BAT,Prompt,R,,,,0.0,,2026-07-08,
BR0442233R46211,C470910,BR0442233,TV CURITIBA 2,BAT,Prompt,R,,,,0.0,,2026-07-08,
BR0442234R46211,C470915,BR0442234,TV CURITIBA 2,BAT,Prompt,R,,0,,0.0,0.0,2026-07-08,
BR0442235R46211,C470920,BR0442235,TV CURITIBA 2,BAT,Prompt,R,,0,,0.0,0.0,2026-07-08,
BR0442245R46211,C470759,BR0442245,TV CURITIBA 2,BAT,Prompt,R,,,,0.0,,2026-07-08,
BR0442246R46211,C470760,BR0442246,TV CURITIBA 2,BAT,Prompt,R,,,,0.0,,2026-07-08,
BR0075485R46212,C470741,BR0075485,TD Curitiba,FADEL,M1,R,40.0,,,28.0,,2026-07-09,
BR0075488R46212,C470038,BR0075488,TD Curitiba,FADEL,M1,R,37.0,0,0.0,25.9,-25.9,2026-07-09,
BR0075494R46212,C470024,BR0075494,TD Curitiba,FADEL,M1,R,33.0,,,23.099999999999998,,2026-07-09,
BR0075517R46212,C470831,BR0075517,TD Curitiba,FADEL,M1,R,16.0,,,11.2,,2026-07-09,
BR0075564R46212,C470740,BR0075564,TD Curitiba,FADEL,M1,R,32.0,,,22.4,,2026-07-09,
BR0075595R46212,C470912,BR0075595,TD Curitiba,FADEL,M1,R,,,,0.0,,2026-07-09,
BR0075598R46212,C470749,BR0075598,TD Curitiba,FADEL,M1,R,28.0,,,19.599999999999998,,2026-07-09,
BR0075727R46212,C470905,BR0075727,TD Curitiba,FADEL,M1,R,18.0,,,12.6,,2026-07-09,
BR0075816R46212,C470744,BR0075816,TD Curitiba,FADEL,M1A,R,,,,0.0,,2026-07-09,
BR0075950R46212,C470901,BR0075950,TD Curitiba,FADEL,M1A,R,9.0,,,6.3,,2026-07-09,
BR0219554R46212,C470025,BR0219554,TD Curitiba,FADEL,M1,R,,,,0.0,,2026-07-09,
BR0219562R46212,C470026,BR0219562,TD Curitiba,FADEL,M1,R,,,,0.0,,2026-07-09,
BR0075813R46212,C470750,BR0075813,TD Curitiba,FADEL,M1,R,,,,0.0,,2026-07-09,
BR0219544R46212,C470003,BR0219544,TD Curitiba,FADEL,M1,R,,,,0.0,,2026-07-09,
BR0219545R46212,C470010,BR0219545,TD Curitiba,FADEL,M1,R,,,,0.0,,2026-07-09,
BR0219549R46212,C470021,BR0219549,TD Curitiba,FADEL,M1,R,,,,0.0,,2026-07-09,
BR0075703R46212,C470742,BR0075703,TD Curitiba,FADEL,M1,R,36.0,,,25.2,,2026-07-09,
BR0075865R46212,C470745,BR0075865,TD Curitiba,FADEL,M1,R,,,,0.0,,2026-07-09,
BR0075849R46212,C470900,BR0075849,TD Curitiba,FADEL,M1,R,,,,0.0,,2026-07-09,
BR0075512R46212,C470902,BR0075512,TD Curitiba,FADEL,M1,R,10.0,,,7.0,,2026-07-09,
BR0075841R46212,C470743,BR0075841,TD Curitiba,FADEL,M1,R,,,,0.0,,2026-07-09,
BR0075785R46212,C470904,BR0075785,TD Curitiba,FADEL,M1,R,,0,,0.0,0.0,2026-07-09,
BR0075542R46212,C470868,BR0075542,TD Curitiba,FADEL,M1,R,19.0,,,13.299999999999999,,2026-07-09,
BR0422998R46212,C470027,BR0422998,TD Curitiba,FADEL,M1,R,,,,0.0,,2026-07-09,
BR0422999R46212,C470028,BR0422999,TD Curitiba,FADEL,M1,R,,,,0.0,,2026-07-09,
BR0423000R46212,C470033,BR0423000,TD Curitiba,FADEL,M1,R,,,,0.0,,2026-07-09,
BR0423001R46212,C470101,BR0423001,TD Curitiba,FADEL,M1,R,,,,0.0,,2026-07-09,
BR0423002R46212,C470102,BR0423002,TD Curitiba,FADEL,M1,R,,,,0.0,,2026-07-09,
BR0075882R46212,C470870,BR0075882,TD Curitiba,FADEL,M1,R,,,,0.0,,2026-07-09,
BR0219552R46212,C470023,BR0219552,TD Curitiba,FADEL,M1,R,,,,0.0,,2026-07-09,
BR0219546R46212,C470014,BR0219546,TD Curitiba,FADEL,M1,R,,,,0.0,,2026-07-09,
BR0219599R46212,C470808,BR0219599,TD Curitiba,FADEL,M1,R,36.0,,,25.2,,2026-07-09,
BR0219600R46212,C470809,BR0219600,TD Curitiba,FADEL,M1,R,37.0,,,25.9,,2026-07-09,
BR0219601R46212,C470810,BR0219601,TD Curitiba,FADEL,M1,R,24.0,,,16.799999999999997,,2026-07-09,
BR0219603R46212,C470823,BR0219603,TD Curitiba,FADEL,M1,R,29.0,0,0.0,20.299999999999997,-20.299999999999997,2026-07-09,
BR0219605R46212,C470824,BR0219605,TD Curitiba,FADEL,M1,R,16.0,,,11.2,,2026-07-09,
BR0219606R46212,C470825,BR0219606,TD Curitiba,FADEL,M1,R,26.0,,,18.2,,2026-07-09,
BR0219609R46212,C470827,BR0219609,TD Curitiba,FADEL,M1,R,,,,0.0,,2026-07-09,
BR0219610R46212,C470828,BR0219610,TD Curitiba,FADEL,M1,R,,,,0.0,,2026-07-09,
BR0075562R46212,C470022,BR0075562,TD Curitiba,FADEL,M1,R,21.0,,,14.7,,2026-07-09,
BR0075684R46212,C470739,BR0075684,TD Curitiba,FADEL,M1,R,,,,0.0,,2026-07-09,
BR0075652R46212,C470751,BR0075652,TD Curitiba,FADEL,M1,R,11.0,33,3.0,7.699999999999999,25.3,2026-07-09,
BR0219608R46212,C470826,BR0219608,TD Curitiba,FADEL,M1,R,,,,0.0,,2026-07-09,
BR0075807R46212,C470747,BR0075807,TD Curitiba,FADEL,M1,R,,,,0.0,,2026-07-09,
BR0075798R46212,C470748,BR0075798,TD Curitiba,FADEL,M1,R,,,,0.0,,2026-07-09,
BR0075774R46212,C470752,BR0075774,TD Curitiba,FADEL,M1,R,,,,0.0,,2026-07-09,
BR0075712R46212,C470844,BR0075712,TD Curitiba,FADEL,M1,R,,,,0.0,,2026-07-09,
BR0075595R46212,C470912,BR0075595,TD Curitiba,FADEL,M1,R,,,,0.0,,2026-07-09,
BR0075783R46212,C470867,BR0075783,TD Curitiba,FADEL,M1,R,,,,0.0,,2026-07-09,
BR0075507R46212,C470866,BR0075507,TD Curitiba,FADEL,Grocery,R,14.0,,,9.799999999999999,,2026-07-09,
BR0075522R46212,C470906,BR0075522,TD Curitiba,FADEL,Grocery,R,12.0,,,8.399999999999999,,2026-07-09,
BR0075549R46212,C470911,BR0075549,TD Curitiba,FADEL,Grocery,R,14.0,0,0.0,9.799999999999999,-9.799999999999999,2026-07-09,
BR0075781R46212,C470903,BR0075781,TD Curitiba,FADEL,Grocery,R,64.0,,,44.8,,2026-07-09,
BR0075802R46212,C470746,BR0075802,TD Curitiba,FADEL,Grocery,R,11.0,5,0.45454545454545453,7.699999999999999,-2.6999999999999993,2026-07-09,
BR0442251R46212,C470801,BR0442251,TV CURITIBA 1,BAT,Prompt,R,,,,0.0,,2026-07-09,
BR0442252R46212,C470802,BR0442252,TV CURITIBA 1,BAT,Prompt,R,,,,0.0,,2026-07-09,
BR0442186R46212,C470924,BR0442186,TV CASCAVEL,BAT,Prompt,R,,,,0.0,,2026-07-09,
BR0442230R46212,C470907,BR0442230,TV CASCAVEL,BAT,Prompt,R,,,,0.0,,2026-07-09,
BR0442231R46212,C470908,BR0442231,TV CASCAVEL,BAT,Prompt,R,,,,0.0,,2026-07-09,
BR0442185R46212,C470923,BR0442185,TV CASCAVEL,BAT,Prompt,R,,,,0.0,,2026-07-09,
BR0442702R46212,C470803,BR0442702,TV CASCAVEL,BAT,Prompt,R,,,,0.0,,2026-07-09,
BR0347315R46212,C470841,BR0347315,TV CURITIBA 2,BAT,Prompt,R,,,,0.0,,2026-07-09,
BR0347316R46212,C470842,BR0347316,TV CURITIBA 2,BAT,Prompt,R,,,,0.0,,2026-07-09,
BR0442236R46212,C470976,BR0442236,TV CURITIBA 2,BAT,Prompt,R,,0,,0.0,0.0,2026-07-09,
BR0442237R46212,C470980,BR0442237,TV CURITIBA 2,BAT,Prompt,R,,0,,0.0,0.0,2026-07-09,
BR0442243R46212,C470999,BR0442243,TV CURITIBA 2,BAT,Prompt,R,,0,,0.0,0.0,2026-07-09,
BR0442232R46212,C470909,BR0442232,TV CURITIBA 2,BAT,Prompt,R,,,,0.0,,2026-07-09,
BR0442240R46212,C470977,BR0442240,TV CURITIBA 2,BAT,Prompt,R,,0,,0.0,0.0,2026-07-09,
BR0442242R46212,C470958,BR0442242,TV CURITIBA 2,BAT,Prompt,R,,,,0.0,,2026-07-09,
BR0442233R46212,C470910,BR0442233,TV CURITIBA 2,BAT,Prompt,R,,0,,0.0,0.0,2026-07-09,
BR0442234R46212,C470915,BR0442234,TV CURITIBA 2,BAT,Prompt,R,,,,0.0,,2026-07-09,
BR0442235R46212,C470920,BR0442235,TV CURITIBA 2,BAT,Prompt,R,,,,0.0,,2026-07-09,
BR0442245R46212,C470759,BR0442245,TV CURITIBA 2,BAT,Prompt,R,,,,0.0,,2026-07-09,
BR0442246R46212,C470760,BR0442246,TV CURITIBA 2,BAT,Prompt,R,,,,0.0,,2026-07-09,
BR0075485R46213,C470741,BR0075485,TD Curitiba,FADEL,M1,R,,,,0.0,0.0,2026-07-10,
BR0075488R46213,C470038,BR0075488,TD Curitiba,FADEL,M1,R,,,,0.0,0.0,2026-07-10,
BR0075494R46213,C470024,BR0075494,TD Curitiba,FADEL,M1,R,,,,0.0,0.0,2026-07-10,
BR0075517R46213,C470831,BR0075517,TD Curitiba,FADEL,M1,R,,,,0.0,0.0,2026-07-10,
BR0075564R46213,C470740,BR0075564,TD Curitiba,FADEL,M1,R,,,,0.0,0.0,2026-07-10,
BR0075595R46213,C470912,BR0075595,TD Curitiba,FADEL,M1,R,,,,0.0,0.0,2026-07-10,
BR0075598R46213,C470749,BR0075598,TD Curitiba,FADEL,M1,R,,,,0.0,0.0,2026-07-10,
BR0075727R46213,C470905,BR0075727,TD Curitiba,FADEL,M1,R,,,,0.0,0.0,2026-07-10,
BR0075816R46213,C470744,BR0075816,TD Curitiba,FADEL,M1A,R,,,,0.0,0.0,2026-07-10,
BR0075950R46213,C470901,BR0075950,TD Curitiba,FADEL,M1A,R,,,,0.0,0.0,2026-07-10,
BR0219554R46213,C470025,BR0219554,TD Curitiba,FADEL,M1,R,,,,0.0,0.0,2026-07-10,
BR0219562R46213,C470026,BR0219562,TD Curitiba,FADEL,M1,R,,,,0.0,,2026-07-10,
BR0075813R46213,C470750,BR0075813,TD Curitiba,FADEL,M1,R,,,,0.0,,2026-07-10,
BR0219544R46213,C470003,BR0219544,TD Curitiba,FADEL,M1,R,,,,0.0,,2026-07-10,
BR0219545R46213,C470010,BR0219545,TD Curitiba,FADEL,M1,R,,,,0.0,,2026-07-10,
BR0219549R46213,C470021,BR0219549,TD Curitiba,FADEL,M1,R,,,,0.0,,2026-07-10,
BR0075703R46213,C470742,BR0075703,TD Curitiba,FADEL,M1,R,,,,0.0,,2026-07-10,
BR0075865R46213,C470745,BR0075865,TD Curitiba,FADEL,M1,R,,,,0.0,,2026-07-10,
BR0075849R46213,C470900,BR0075849,TD Curitiba,FADEL,M1,R,,,,0.0,,2026-07-10,
BR0075512R46213,C470902,BR0075512,TD Curitiba,FADEL,M1,R,,,,0.0,,2026-07-10,
BR0075841R46213,C470743,BR0075841,TD Curitiba,FADEL,M1,R,,,,0.0,,2026-07-10,
BR0075785R46213,C470904,BR0075785,TD Curitiba,FADEL,M1,R,,,,0.0,,2026-07-10,
BR0075542R46213,C470868,BR0075542,TD Curitiba,FADEL,M1,R,,,,0.0,,2026-07-10,
BR0422998R46213,C470027,BR0422998,TD Curitiba,FADEL,M1,R,,,,0.0,,2026-07-10,
BR0422999R46213,C470028,BR0422999,TD Curitiba,FADEL,M1,R,,,,0.0,,2026-07-10,
BR0423000R46213,C470033,BR0423000,TD Curitiba,FADEL,M1,R,,,,0.0,,2026-07-10,
BR0423001R46213,C470101,BR0423001,TD Curitiba,FADEL,M1,R,,,,0.0,,2026-07-10,
BR0423002R46213,C470102,BR0423002,TD Curitiba,FADEL,M1,R,,,,0.0,,2026-07-10,
BR0075882R46213,C470870,BR0075882,TD Curitiba,FADEL,M1,R,,,,0.0,,2026-07-10,
BR0219552R46213,C470023,BR0219552,TD Curitiba,FADEL,M1,R,,,,0.0,,2026-07-10,
BR0219546R46213,C470014,BR0219546,TD Curitiba,FADEL,M1,R,,,,0.0,,2026-07-10,
BR0219599R46213,C470808,BR0219599,TD Curitiba,FADEL,M1,R,8.0,,,5.6,,2026-07-10,
BR0219600R46213,C470809,BR0219600,TD Curitiba,FADEL,M1,R,28.0,2,0.07142857142857142,19.599999999999998,-17.599999999999998,2026-07-10,
BR0219601R46213,C470810,BR0219601,TD Curitiba,FADEL,M1,R,14.0,1,0.07142857142857142,9.799999999999999,-8.799999999999999,2026-07-10,
BR0219603R46213,C470823,BR0219603,TD Curitiba,FADEL,M1,R,20.0,4,0.2,14.0,-10.0,2026-07-10,
BR0219605R46213,C470824,BR0219605,TD Curitiba,FADEL,M1,R,26.0,0,0.0,18.2,-18.2,2026-07-10,
BR0219606R46213,C470825,BR0219606,TD Curitiba,FADEL,M1,R,12.0,,,8.399999999999999,,2026-07-10,
BR0219609R46213,C470827,BR0219609,TD Curitiba,FADEL,M1,R,,,,0.0,,2026-07-10,
BR0219610R46213,C470828,BR0219610,TD Curitiba,FADEL,M1,R,,,,0.0,,2026-07-10,
BR0075562R46213,C470022,BR0075562,TD Curitiba,FADEL,M1,R,,8,,0.0,8.0,2026-07-10,
BR0075684R46213,C470739,BR0075684,TD Curitiba,FADEL,M1,R,,,,0.0,,2026-07-10,
BR0075652R46213,C470751,BR0075652,TD Curitiba,FADEL,M1,R,,,,0.0,,2026-07-10,
BR0219608R46213,C470826,BR0219608,TD Curitiba,FADEL,M1,R,,,,0.0,,2026-07-10,
BR0075807R46213,C470747,BR0075807,TD Curitiba,FADEL,M1,R,,,,0.0,,2026-07-10,
BR0075798R46213,C470748,BR0075798,TD Curitiba,FADEL,M1,R,,,,0.0,,2026-07-10,
BR0075774R46213,C470752,BR0075774,TD Curitiba,FADEL,M1,R,,,,0.0,,2026-07-10,
BR0075712R46213,C470844,BR0075712,TD Curitiba,FADEL,M1,R,,,,0.0,,2026-07-10,
BR0075595R46213,C470912,BR0075595,TD Curitiba,FADEL,M1,R,,,,0.0,,2026-07-10,
BR0075783R46213,C470867,BR0075783,TD Curitiba,FADEL,M1,R,,,,0.0,,2026-07-10,
BR0075507R46213,C470866,BR0075507,TD Curitiba,FADEL,Grocery,R,,,,0.0,,2026-07-10,
BR0075522R46213,C470906,BR0075522,TD Curitiba,FADEL,Grocery,R,14.0,,,9.799999999999999,,2026-07-10,
BR0075549R46213,C470911,BR0075549,TD Curitiba,FADEL,Grocery,R,15.0,,,10.5,,2026-07-10,
BR0075781R46213,C470903,BR0075781,TD Curitiba,FADEL,Grocery,R,,,,0.0,,2026-07-10,
BR0075802R46213,C470746,BR0075802,TD Curitiba,FADEL,Grocery,R,17.0,,,11.899999999999999,,2026-07-10,
BR0442251R46213,C470801,BR0442251,TV CURITIBA 1,BAT,Prompt,R,,,,0.0,,2026-07-10,
BR0442252R46213,C470802,BR0442252,TV CURITIBA 1,BAT,Prompt,R,,,,0.0,,2026-07-10,
BR0442186R46213,C470924,BR0442186,TV CASCAVEL,BAT,Prompt,R,,,,0.0,,2026-07-10,
BR0442230R46213,C470907,BR0442230,TV CASCAVEL,BAT,Prompt,R,,,,0.0,,2026-07-10,
BR0442231R46213,C470908,BR0442231,TV CASCAVEL,BAT,Prompt,R,,,,0.0,,2026-07-10,
BR0442185R46213,C470923,BR0442185,TV CASCAVEL,BAT,Prompt,R,,,,0.0,,2026-07-10,
BR0442702R46213,C470803,BR0442702,TV CASCAVEL,BAT,Prompt,R,,,,0.0,,2026-07-10,
BR0347315R46213,C470841,BR0347315,TV CURITIBA 2,BAT,Prompt,R,,,,0.0,,2026-07-10,
BR0347316R46213,C470842,BR0347316,TV CURITIBA 2,BAT,Prompt,R,,,,0.0,,2026-07-10,
BR0442236R46213,C470976,BR0442236,TV CURITIBA 2,BAT,Prompt,R,,,,0.0,,2026-07-10,
BR0442237R46213,C470980,BR0442237,TV CURITIBA 2,BAT,Prompt,R,,,,0.0,,2026-07-10,
BR0442243R46213,C470999,BR0442243,TV CURITIBA 2,BAT,Prompt,R,,,,0.0,,2026-07-10,
BR0442232R46213,C470909,BR0442232,TV CURITIBA 2,BAT,Prompt,R,,,,0.0,,2026-07-10,
BR0442240R46213,C470977,BR0442240,TV CURITIBA 2,BAT,Prompt,R,,,,0.0,,2026-07-10,
BR0442242R46213,C470958,BR0442242,TV CURITIBA 2,BAT,Prompt,R,,,,0.0,,2026-07-10,
BR0442233R46213,C470910,BR0442233,TV CURITIBA 2,BAT,Prompt,R,,,,0.0,,2026-07-10,
BR0442234R46213,C470915,BR0442234,TV CURITIBA 2,BAT,Prompt,R,,,,0.0,,2026-07-10,
BR0442235R46213,C470920,BR0442235,TV CURITIBA 2,BAT,Prompt,R,,,,0.0,,2026-07-10,
BR0442245R46213,C470759,BR0442245,TV CURITIBA 2,BAT,Prompt,R,,,,0.0,,2026-07-10,
BR0442246R46213,C470760,BR0442246,TV CURITIBA 2,BAT,Prompt,R,,,,0.0,,2026-07-10,
BR0075485R46216,C470741,BR0075485,TD Curitiba,FADEL,M1,R,34.0,0,0.0,23.799999999999997,-23.799999999999997,2026-07-13,
BR0075488R46216,C470038,BR0075488,TD Curitiba,FADEL,M1,R,25.0,143,5.72,17.5,125.5,2026-07-13,
BR0075494R46216,C470024,BR0075494,TD Curitiba,FADEL,M1,R,41.0,,,28.7,,2026-07-13,
BR0075517R46216,C470831,BR0075517,TD Curitiba,FADEL,M1,R,25.0,,,17.5,,2026-07-13,
BR0075564R46216,C470740,BR0075564,TD Curitiba,FADEL,M1,R,39.0,,,27.299999999999997,,2026-07-13,
BR0075595R46216,C470912,BR0075595,TD Curitiba,FADEL,M1,R,,,,0.0,,2026-07-13,
BR0075598R46216,C470749,BR0075598,TD Curitiba,FADEL,M1,R,19.0,,,13.299999999999999,,2026-07-13,
BR0075727R46216,C470905,BR0075727,TD Curitiba,FADEL,M1,R,57.0,63,1.105263157894737,39.9,23.1,2026-07-13,
BR0075816R46216,C470744,BR0075816,TD Curitiba,FADEL,M1A,R,,,,0.0,,2026-07-13,
BR0075950R46216,C470901,BR0075950,TD Curitiba,FADEL,M1A,R,35.0,,,24.5,,2026-07-13,
BR0219554R46216,C470025,BR0219554,TD Curitiba,FADEL,M1,R,,,,0.0,,2026-07-13,
BR0219562R46216,C470026,BR0219562,TD Curitiba,FADEL,M1,R,,,,0.0,,2026-07-13,
BR0075813R46216,C470750,BR0075813,TD Curitiba,FADEL,M1,R,,,,0.0,,2026-07-13,
BR0219544R46216,C470003,BR0219544,TD Curitiba,FADEL,M1,R,,,,0.0,,2026-07-13,
BR0219545R46216,C470010,BR0219545,TD Curitiba,FADEL,M1,R,,,,0.0,,2026-07-13,
BR0219549R46216,C470021,BR0219549,TD Curitiba,FADEL,M1,R,,,,0.0,,2026-07-13,
BR0075703R46216,C470742,BR0075703,TD Curitiba,FADEL,M1,R,,,,0.0,,2026-07-13,
BR0075865R46216,C470745,BR0075865,TD Curitiba,FADEL,M1,R,,,,0.0,,2026-07-13,
BR0075849R46216,C470900,BR0075849,TD Curitiba,FADEL,M1,R,,,,0.0,,2026-07-13,
BR0075512R46216,C470902,BR0075512,TD Curitiba,FADEL,M1,R,,,,0.0,,2026-07-13,
BR0075841R46216,C470743,BR0075841,TD Curitiba,FADEL,M1,R,,,,0.0,,2026-07-13,
BR0075785R46216,C470904,BR0075785,TD Curitiba,FADEL,M1,R,36.0,,,25.2,,2026-07-13,
BR0075542R46216,C470868,BR0075542,TD Curitiba,FADEL,M1,R,,,,0.0,,2026-07-13,
BR0422998R46216,C470027,BR0422998,TD Curitiba,FADEL,M1,R,,,,0.0,,2026-07-13,
BR0422999R46216,C470028,BR0422999,TD Curitiba,FADEL,M1,R,,,,0.0,,2026-07-13,
BR0423000R46216,C470033,BR0423000,TD Curitiba,FADEL,M1,R,,,,0.0,,2026-07-13,
BR0423001R46216,C470101,BR0423001,TD Curitiba,FADEL,M1,R,,,,0.0,,2026-07-13,
BR0423002R46216,C470102,BR0423002,TD Curitiba,FADEL,M1,R,,,,0.0,,2026-07-13,
BR0075882R46216,C470870,BR0075882,TD Curitiba,FADEL,M1,R,,,,0.0,,2026-07-13,
BR0219552R46216,C470023,BR0219552,TD Curitiba,FADEL,M1,R,,,,0.0,,2026-07-13,
BR0219546R46216,C470014,BR0219546,TD Curitiba,FADEL,M1,R,,,,0.0,,2026-07-13,
BR0219599R46216,C470808,BR0219599,TD Curitiba,FADEL,M1,R,35.0,7,0.2,24.5,-17.5,2026-07-13,
BR0219600R46216,C470809,BR0219600,TD Curitiba,FADEL,M1,R,15.0,0,0.0,10.5,-10.5,2026-07-13,
BR0219601R46216,C470810,BR0219601,TD Curitiba,FADEL,M1,R,35.0,,,24.5,,2026-07-13,
BR0219603R46216,C470823,BR0219603,TD Curitiba,FADEL,M1,R,36.0,,,25.2,,2026-07-13,
BR0219605R46216,C470824,BR0219605,TD Curitiba,FADEL,M1,R,35.0,,,24.5,,2026-07-13,
BR0219606R46216,C470825,BR0219606,TD Curitiba,FADEL,M1,R,26.0,,,18.2,,2026-07-13,
BR0219609R46216,C470827,BR0219609,TD Curitiba,FADEL,M1,R,,,,0.0,,2026-07-13,
BR0219610R46216,C470828,BR0219610,TD Curitiba,FADEL,M1,R,,,,0.0,,2026-07-13,
BR0075562R46216,C470022,BR0075562,TD Curitiba,FADEL,M1,R,,,,0.0,,2026-07-13,
BR0075684R46216,C470739,BR0075684,TD Curitiba,FADEL,M1,R,,,,0.0,,2026-07-13,
BR0075652R46216,C470751,BR0075652,TD Curitiba,FADEL,M1,R,,,,0.0,,2026-07-13,
BR0219608R46216,C470826,BR0219608,TD Curitiba,FADEL,M1,R,,,,0.0,,2026-07-13,
BR0075807R46216,C470747,BR0075807,TD Curitiba,FADEL,M1,R,,,,0.0,,2026-07-13,
BR0075798R46216,C470748,BR0075798,TD Curitiba,FADEL,M1,R,,,,0.0,,2026-07-13,
BR0075774R46216,C470752,BR0075774,TD Curitiba,FADEL,M1,R,,,,0.0,,2026-07-13,
BR0075712R46216,C470844,BR0075712,TD Curitiba,FADEL,M1,R,,,,0.0,,2026-07-13,
BR0075595R46216,C470912,BR0075595,TD Curitiba,FADEL,M1,R,,,,0.0,,2026-07-13,
BR0075783R46216,C470867,BR0075783,TD Curitiba,FADEL,M1,R,,,,0.0,,2026-07-13,
BR0075507R46216,C470866,BR0075507,TD Curitiba,FADEL,Grocery,R,,,,0.0,,2026-07-13,
BR0075522R46216,C470906,BR0075522,TD Curitiba,FADEL,Grocery,R,14.0,,,9.799999999999999,,2026-07-13,
BR0075549R46216,C470911,BR0075549,TD Curitiba,FADEL,Grocery,R,10.0,,,7.0,,2026-07-13,
BR0075781R46216,C470903,BR0075781,TD Curitiba,FADEL,Grocery,R,60.0,,,42.0,,2026-07-13,
BR0075802R46216,C470746,BR0075802,TD Curitiba,FADEL,Grocery,R,29.0,,,20.299999999999997,,2026-07-13,
BR0442251R46216,C470801,BR0442251,TV CURITIBA 1,BAT,Prompt,R,,,,0.0,,2026-07-13,
BR0442252R46216,C470802,BR0442252,TV CURITIBA 1,BAT,Prompt,R,,,,0.0,,2026-07-13,
BR0442186R46216,C470924,BR0442186,TV CASCAVEL,BAT,Prompt,R,,,,0.0,,2026-07-13,
BR0442230R46216,C470907,BR0442230,TV CASCAVEL,BAT,Prompt,R,0.0,,,0.0,,2026-07-13,
BR0442231R46216,C470908,BR0442231,TV CASCAVEL,BAT,Prompt,R,,,,0.0,,2026-07-13,
BR0442185R46216,C470923,BR0442185,TV CASCAVEL,BAT,Prompt,R,0.0,,,0.0,,2026-07-13,
BR0442702R46216,C470803,BR0442702,TV CASCAVEL,BAT,Prompt,R,0.0,,,0.0,,2026-07-13,
BR0347315R46216,C470841,BR0347315,TV CURITIBA 2,BAT,Prompt,R,,,,0.0,,2026-07-13,
BR0347316R46216,C470842,BR0347316,TV CURITIBA 2,BAT,Prompt,R,,,,0.0,,2026-07-13,
BR0442236R46216,C470976,BR0442236,TV CURITIBA 2,BAT,Prompt,R,,,,0.0,,2026-07-13,
BR0442237R46216,C470980,BR0442237,TV CURITIBA 2,BAT,Prompt,R,,,,0.0,,2026-07-13,
BR0442243R46216,C470999,BR0442243,TV CURITIBA 2,BAT,Prompt,R,,,,0.0,,2026-07-13,
BR0442232R46216,C470909,BR0442232,TV CURITIBA 2,BAT,Prompt,R,,,,0.0,,2026-07-13,
BR0442240R46216,C470977,BR0442240,TV CURITIBA 2,BAT,Prompt,R,0.0,,,0.0,,2026-07-13,
BR0442242R46216,C470958,BR0442242,TV CURITIBA 2,BAT,Prompt,R,,,,0.0,,2026-07-13,
BR0442233R46216,C470910,BR0442233,TV CURITIBA 2,BAT,Prompt,R,,,,0.0,,2026-07-13,
BR0442234R46216,C470915,BR0442234,TV CURITIBA 2,BAT,Prompt,R,0.0,,,0.0,,2026-07-13,
BR0442235R46216,C470920,BR0442235,TV CURITIBA 2,BAT,Prompt,R,0.0,,,0.0,,2026-07-13,
BR0442245R46216,C470759,BR0442245,TV CURITIBA 2,BAT,Prompt,R,,,,0.0,,2026-07-13,
BR0442246R46216,C470760,BR0442246,TV CURITIBA 2,BAT,Prompt,R,,,,0.0,,2026-07-13,
BR0075485R46217,C470741,BR0075485,TD Curitiba,FADEL,M1,R,51.0,,,35.699999999999996,,2026-07-14,
BR0075488R46217,C470038,BR0075488,TD Curitiba,FADEL,M1,R,35.0,44,1.2571428571428571,24.5,19.5,2026-07-14,
BR0075494R46217,C470024,BR0075494,TD Curitiba,FADEL,M1,R,37.0,,,25.9,,2026-07-14,
BR0075517R46217,C470831,BR0075517,TD Curitiba,FADEL,M1,R,14.0,,,9.799999999999999,,2026-07-14,
BR0075564R46217,C470740,BR0075564,TD Curitiba,FADEL,M1,R,40.0,,,28.0,,2026-07-14,
BR0075595R46217,C470912,BR0075595,TD Curitiba,FADEL,M1,R,,,,0.0,,2026-07-14,
BR0075598R46217,C470749,BR0075598,TD Curitiba,FADEL,M1,R,37.0,0,0.0,25.9,-25.9,2026-07-14,
BR0075727R46217,C470905,BR0075727,TD Curitiba,FADEL,M1,R,51.0,0,0.0,35.699999999999996,-35.699999999999996,2026-07-14,
BR0075816R46217,C470744,BR0075816,TD Curitiba,FADEL,M1A,R,,,,0.0,,2026-07-14,
BR0075950R46217,C470901,BR0075950,TD Curitiba,FADEL,M1A,R,23.0,0,0.0,16.099999999999998,-16.099999999999998,2026-07-14,
BR0219554R46217,C470025,BR0219554,TD Curitiba,FADEL,M1,R,,,,0.0,,2026-07-14,
BR0219562R46217,C470026,BR0219562,TD Curitiba,FADEL,M1,R,,,,0.0,,2026-07-14,
BR0075813R46217,C470750,BR0075813,TD Curitiba,FADEL,M1,R,,,,0.0,,2026-07-14,
BR0219544R46217,C470003,BR0219544,TD Curitiba,FADEL,M1,R,,,,0.0,,2026-07-14,
BR0219545R46217,C470010,BR0219545,TD Curitiba,FADEL,M1,R,,,,0.0,,2026-07-14,
BR0219549R46217,C470021,BR0219549,TD Curitiba,FADEL,M1,R,,,,0.0,,2026-07-14,
BR0075703R46217,C470742,BR0075703,TD Curitiba,FADEL,M1,R,,,,0.0,,2026-07-14,
BR0075865R46217,C470745,BR0075865,TD Curitiba,FADEL,M1,R,,,,0.0,,2026-07-14,
BR0075849R46217,C470900,BR0075849,TD Curitiba,FADEL,M1,R,,,,0.0,,2026-07-14,
BR0075512R46217,C470902,BR0075512,TD Curitiba,FADEL,M1,R,30.0,0,0.0,21.0,-21.0,2026-07-14,
BR0075841R46217,C470743,BR0075841,TD Curitiba,FADEL,M1,R,,,,0.0,,2026-07-14,
BR0075785R46217,C470904,BR0075785,TD Curitiba,FADEL,M1,R,13.0,,,9.1,,2026-07-14,
BR0075542R46217,C470868,BR0075542,TD Curitiba,FADEL,M1,R,,,,0.0,,2026-07-14,
BR0422998R46217,C470027,BR0422998,TD Curitiba,FADEL,M1,R,,,,0.0,,2026-07-14,
BR0422999R46217,C470028,BR0422999,TD Curitiba,FADEL,M1,R,,,,0.0,,2026-07-14,
BR0423000R46217,C470033,BR0423000,TD Curitiba,FADEL,M1,R,,,,0.0,,2026-07-14,
BR0423001R46217,C470101,BR0423001,TD Curitiba,FADEL,M1,R,,,,0.0,,2026-07-14,
BR0423002R46217,C470102,BR0423002,TD Curitiba,FADEL,M1,R,,,,0.0,,2026-07-14,
BR0075882R46217,C470870,BR0075882,TD Curitiba,FADEL,M1,R,,,,0.0,,2026-07-14,
BR0219552R46217,C470023,BR0219552,TD Curitiba,FADEL,M1,R,,,,0.0,,2026-07-14,
BR0219546R46217,C470014,BR0219546,TD Curitiba,FADEL,M1,R,,,,0.0,,2026-07-14,
BR0219599R46217,C470808,BR0219599,TD Curitiba,FADEL,M1,R,35.0,21,0.6,24.5,-3.5,2026-07-14,
BR0219600R46217,C470809,BR0219600,TD Curitiba,FADEL,M1,R,41.0,,,28.7,,2026-07-14,
BR0219601R46217,C470810,BR0219601,TD Curitiba,FADEL,M1,R,36.0,0,0.0,25.2,-25.2,2026-07-14,
BR0219603R46217,C470823,BR0219603,TD Curitiba,FADEL,M1,R,30.0,,,21.0,,2026-07-14,
BR0219605R46217,C470824,BR0219605,TD Curitiba,FADEL,M1,R,26.0,210,8.076923076923077,18.2,191.8,2026-07-14,
BR0219606R46217,C470825,BR0219606,TD Curitiba,FADEL,M1,R,42.0,,,29.4,,2026-07-14,
BR0219609R46217,C470827,BR0219609,TD Curitiba,FADEL,M1,R,,,,0.0,,2026-07-14,
BR0219610R46217,C470828,BR0219610,TD Curitiba,FADEL,M1,R,,,,0.0,,2026-07-14,
BR0075562R46217,C470022,BR0075562,TD Curitiba,FADEL,M1,R,,,,0.0,,2026-07-14,
BR0075684R46217,C470739,BR0075684,TD Curitiba,FADEL,M1,R,,,,0.0,,2026-07-14,
BR0075652R46217,C470751,BR0075652,TD Curitiba,FADEL,M1,R,,,,0.0,,2026-07-14,
BR0219608R46217,C470826,BR0219608,TD Curitiba,FADEL,M1,R,,,,0.0,,2026-07-14,
BR0075807R46217,C470747,BR0075807,TD Curitiba,FADEL,M1,R,,,,0.0,,2026-07-14,
BR0075798R46217,C470748,BR0075798,TD Curitiba,FADEL,M1,R,,,,0.0,,2026-07-14,
BR0075774R46217,C470752,BR0075774,TD Curitiba,FADEL,M1,R,,,,0.0,,2026-07-14,
BR0075712R46217,C470844,BR0075712,TD Curitiba,FADEL,M1,R,,,,0.0,,2026-07-14,
BR0075595R46217,C470912,BR0075595,TD Curitiba,FADEL,M1,R,,,,0.0,,2026-07-14,
BR0075783R46217,C470867,BR0075783,TD Curitiba,FADEL,M1,R,,,,0.0,,2026-07-14,
BR0075507R46217,C470866,BR0075507,TD Curitiba,FADEL,Grocery,R,11.0,5,0.45454545454545453,7.699999999999999,-2.6999999999999993,2026-07-14,
BR0075522R46217,C470906,BR0075522,TD Curitiba,FADEL,Grocery,R,14.0,,,9.799999999999999,,2026-07-14,
BR0075549R46217,C470911,BR0075549,TD Curitiba,FADEL,Grocery,R,8.0,,,5.6,,2026-07-14,
BR0075781R46217,C470903,BR0075781,TD Curitiba,FADEL,Grocery,R,26.0,,,18.2,,2026-07-14,
BR0075802R46217,C470746,BR0075802,TD Curitiba,FADEL,Grocery,R,26.0,,,18.2,,2026-07-14,
BR0442251R46217,C470801,BR0442251,TV CURITIBA 1,BAT,Prompt,R,,,,0.0,,2026-07-14,
BR0442252R46217,C470802,BR0442252,TV CURITIBA 1,BAT,Prompt,R,,,,0.0,,2026-07-14,
BR0442186R46217,C470924,BR0442186,TV CASCAVEL,BAT,Prompt,R,,,,0.0,,2026-07-14,
BR0442230R46217,C470907,BR0442230,TV CASCAVEL,BAT,Prompt,R,,,,0.0,,2026-07-14,
BR0442231R46217,C470908,BR0442231,TV CASCAVEL,BAT,Prompt,R,,,,0.0,,2026-07-14,
BR0442185R46217,C470923,BR0442185,TV CASCAVEL,BAT,Prompt,R,,,,0.0,,2026-07-14,
BR0442702R46217,C470803,BR0442702,TV CASCAVEL,BAT,Prompt,R,,,,0.0,,2026-07-14,
BR0347315R46217,C470841,BR0347315,TV CURITIBA 2,BAT,Prompt,R,,,,0.0,,2026-07-14,
BR0347316R46217,C470842,BR0347316,TV CURITIBA 2,BAT,Prompt,R,,,,0.0,,2026-07-14,
BR0442236R46217,C470976,BR0442236,TV CURITIBA 2,BAT,Prompt,R,,,,0.0,,2026-07-14,
BR0442237R46217,C470980,BR0442237,TV CURITIBA 2,BAT,Prompt,R,,,,0.0,,2026-07-14,
BR0442243R46217,C470999,BR0442243,TV CURITIBA 2,BAT,Prompt,R,,,,0.0,,2026-07-14,
BR0442232R46217,C470909,BR0442232,TV CURITIBA 2,BAT,Prompt,R,,,,0.0,,2026-07-14,
BR0442240R46217,C470977,BR0442240,TV CURITIBA 2,BAT,Prompt,R,,,,0.0,,2026-07-14,
BR0442242R46217,C470958,BR0442242,TV CURITIBA 2,BAT,Prompt,R,,,,0.0,,2026-07-14,
BR0442233R46217,C470910,BR0442233,TV CURITIBA 2,BAT,Prompt,R,,,,0.0,,2026-07-14,
BR0442234R46217,C470915,BR0442234,TV CURITIBA 2,BAT,Prompt,R,,,,0.0,,2026-07-14,
BR0442235R46217,C470920,BR0442235,TV CURITIBA 2,BAT,Prompt,R,,,,0.0,,2026-07-14,
BR0442245R46217,C470759,BR0442245,TV CURITIBA 2,BAT,Prompt,R,,,,0.0,,2026-07-14,
BR0442246R46217,C470760,BR0442246,TV CURITIBA 2,BAT,Prompt,R,,,,0.0,,2026-07-14,
BR0075485R46218,C470741,BR0075485,TD Curitiba,FADEL,M1,R,14.0,,,9.799999999999999,,2026-07-15,
BR0075488R46218,C470038,BR0075488,TD Curitiba,FADEL,M1,R,17.0,34,2.0,11.899999999999999,22.1,2026-07-15,
BR0075494R46218,C470024,BR0075494,TD Curitiba,FADEL,M1,R,20.0,0,0.0,14.0,-14.0,2026-07-15,
BR0075517R46218,C470831,BR0075517,TD Curitiba,FADEL,M1,R,30.0,,,21.0,,2026-07-15,
BR0075564R46218,C470740,BR0075564,TD Curitiba,FADEL,M1,R,15.0,0,0.0,10.5,-10.5,2026-07-15,
BR0075595R46218,C470912,BR0075595,TD Curitiba,FADEL,M1,R,,,,0.0,,2026-07-15,
BR0075598R46218,C470749,BR0075598,TD Curitiba,FADEL,M1,R,10.0,,,7.0,,2026-07-15,
BR0075727R46218,C470905,BR0075727,TD Curitiba,FADEL,M1,R,12.0,,,8.399999999999999,,2026-07-15,
BR0075816R46218,C470744,BR0075816,TD Curitiba,FADEL,M1A,R,,,,0.0,,2026-07-15,
BR0075950R46218,C470901,BR0075950,TD Curitiba,FADEL,M1A,R,24.0,21,0.875,16.799999999999997,4.200000000000003,2026-07-15,
BR0219554R46218,C470025,BR0219554,TD Curitiba,FADEL,M1,R,,,,0.0,,2026-07-15,
BR0219562R46218,C470026,BR0219562,TD Curitiba,FADEL,M1,R,,,,0.0,,2026-07-15,
BR0075813R46218,C470750,BR0075813,TD Curitiba,FADEL,M1,R,,,,0.0,,2026-07-15,
BR0219544R46218,C470003,BR0219544,TD Curitiba,FADEL,M1,R,40.0,,,28.0,,2026-07-15,
BR0219545R46218,C470010,BR0219545,TD Curitiba,FADEL,M1,R,28.0,,,19.599999999999998,,2026-07-15,
BR0219549R46218,C470021,BR0219549,TD Curitiba,FADEL,M1,R,,,,0.0,,2026-07-15,
BR0075703R46218,C470742,BR0075703,TD Curitiba,FADEL,M1,R,,,,0.0,,2026-07-15,
BR0075865R46218,C470745,BR0075865,TD Curitiba,FADEL,M1,R,20.0,,,14.0,,2026-07-15,
BR0075849R46218,C470900,BR0075849,TD Curitiba,FADEL,M1,R,,,,0.0,,2026-07-15,
BR0075512R46218,C470902,BR0075512,TD Curitiba,FADEL,M1,R,29.0,,,20.299999999999997,,2026-07-15,
BR0075841R46218,C470743,BR0075841,TD Curitiba,FADEL,M1,R,,,,0.0,,2026-07-15,
BR0075785R46218,C470904,BR0075785,TD Curitiba,FADEL,M1,R,15.0,,,10.5,,2026-07-15,
BR0075542R46218,C470868,BR0075542,TD Curitiba,FADEL,M1,R,,,,0.0,,2026-07-15,
BR0422998R46218,C470027,BR0422998,TD Curitiba,FADEL,M1,R,,,,0.0,,2026-07-15,
BR0422999R46218,C470028,BR0422999,TD Curitiba,FADEL,M1,R,,,,0.0,,2026-07-15,
BR0423000R46218,C470033,BR0423000,TD Curitiba,FADEL,M1,R,,,,0.0,,2026-07-15,
BR0423001R46218,C470101,BR0423001,TD Curitiba,FADEL,M1,R,,,,0.0,,2026-07-15,
BR0423002R46218,C470102,BR0423002,TD Curitiba,FADEL,M1,R,,,,0.0,,2026-07-15,
BR0075882R46218,C470870,BR0075882,TD Curitiba,FADEL,M1,R,,,,0.0,,2026-07-15,
BR0219552R46218,C470023,BR0219552,TD Curitiba,FADEL,M1,R,,,,0.0,,2026-07-15,
BR0219546R46218,C470014,BR0219546,TD Curitiba,FADEL,M1,R,,,,0.0,,2026-07-15,
BR0219599R46218,C470808,BR0219599,TD Curitiba,FADEL,M1,R,45.0,,,31.499999999999996,,2026-07-15,
BR0219600R46218,C470809,BR0219600,TD Curitiba,FADEL,M1,R,48.0,0,0.0,33.599999999999994,-33.599999999999994,2026-07-15,
BR0219601R46218,C470810,BR0219601,TD Curitiba,FADEL,M1,R,41.0,15,0.36585365853658536,28.7,-13.7,2026-07-15,
BR0219603R46218,C470823,BR0219603,TD Curitiba,FADEL,M1,R,46.0,0,0.0,32.199999999999996,-32.199999999999996,2026-07-15,
BR0219605R46218,C470824,BR0219605,TD Curitiba,FADEL,M1,R,66.0,,,46.199999999999996,,2026-07-15,
BR0219606R46218,C470825,BR0219606,TD Curitiba,FADEL,M1,R,70.0,0,0.0,49.0,-49.0,2026-07-15,
BR0219609R46218,C470827,BR0219609,TD Curitiba,FADEL,M1,R,,,,0.0,,2026-07-15,
BR0219610R46218,C470828,BR0219610,TD Curitiba,FADEL,M1,R,,,,0.0,,2026-07-15,
BR0075562R46218,C470022,BR0075562,TD Curitiba,FADEL,M1,R,,,,0.0,,2026-07-15,
BR0075684R46218,C470739,BR0075684,TD Curitiba,FADEL,M1,R,,,,0.0,,2026-07-15,
BR0075652R46218,C470751,BR0075652,TD Curitiba,FADEL,M1,R,14.0,0,0.0,9.799999999999999,-9.799999999999999,2026-07-15,
BR0219608R46218,C470826,BR0219608,TD Curitiba,FADEL,M1,R,,,,0.0,,2026-07-15,
BR0075807R46218,C470747,BR0075807,TD Curitiba,FADEL,M1,R,,,,0.0,,2026-07-15,
BR0075798R46218,C470748,BR0075798,TD Curitiba,FADEL,M1,R,,,,0.0,,2026-07-15,
BR0075774R46218,C470752,BR0075774,TD Curitiba,FADEL,M1,R,,,,0.0,,2026-07-15,
BR0075712R46218,C470844,BR0075712,TD Curitiba,FADEL,M1,R,,,,0.0,,2026-07-15,
BR0075595R46218,C470912,BR0075595,TD Curitiba,FADEL,M1,R,,,,0.0,,2026-07-15,
BR0075783R46218,C470867,BR0075783,TD Curitiba,FADEL,M1,R,,,,0.0,,2026-07-15,
BR0075507R46218,C470866,BR0075507,TD Curitiba,FADEL,Grocery,R,,,,0.0,,2026-07-15,
BR0075522R46218,C470906,BR0075522,TD Curitiba,FADEL,Grocery,R,34.0,38,1.1176470588235294,23.799999999999997,14.200000000000003,2026-07-15,
BR0075549R46218,C470911,BR0075549,TD Curitiba,FADEL,Grocery,R,26.0,,,18.2,,2026-07-15,
BR0075781R46218,C470903,BR0075781,TD Curitiba,FADEL,Grocery,R,15.0,177,11.8,10.5,166.5,2026-07-15,
BR0075802R46218,C470746,BR0075802,TD Curitiba,FADEL,Grocery,R,20.0,,,14.0,,2026-07-15,
BR0442251R46218,C470801,BR0442251,TV CURITIBA 1,BAT,Prompt,R,,,,0.0,,2026-07-15,
BR0442252R46218,C470802,BR0442252,TV CURITIBA 1,BAT,Prompt,R,,,,0.0,,2026-07-15,
BR0442186R46218,C470924,BR0442186,TV CASCAVEL,BAT,Prompt,R,,,,0.0,,2026-07-15,
BR0442230R46218,C470907,BR0442230,TV CASCAVEL,BAT,Prompt,R,,,,0.0,,2026-07-15,
BR0442231R46218,C470908,BR0442231,TV CASCAVEL,BAT,Prompt,R,,,,0.0,,2026-07-15,
BR0442185R46218,C470923,BR0442185,TV CASCAVEL,BAT,Prompt,R,,,,0.0,,2026-07-15,
BR0442702R46218,C470803,BR0442702,TV CASCAVEL,BAT,Prompt,R,,,,0.0,,2026-07-15,
BR0347315R46218,C470841,BR0347315,TV CURITIBA 2,BAT,Prompt,R,,,,0.0,,2026-07-15,
BR0347316R46218,C470842,BR0347316,TV CURITIBA 2,BAT,Prompt,R,,,,0.0,,2026-07-15,
BR0442236R46218,C470976,BR0442236,TV CURITIBA 2,BAT,Prompt,R,,,,0.0,,2026-07-15,
BR0442237R46218,C470980,BR0442237,TV CURITIBA 2,BAT,Prompt,R,,,,0.0,,2026-07-15,
BR0442243R46218,C470999,BR0442243,TV CURITIBA 2,BAT,Prompt,R,,,,0.0,,2026-07-15,
BR0442232R46218,C470909,BR0442232,TV CURITIBA 2,BAT,Prompt,R,,,,0.0,,2026-07-15,
BR0442240R46218,C470977,BR0442240,TV CURITIBA 2,BAT,Prompt,R,,0,,0.0,0.0,2026-07-15,
BR0442242R46218,C470958,BR0442242,TV CURITIBA 2,BAT,Prompt,R,,,,0.0,,2026-07-15,
BR0442233R46218,C470910,BR0442233,TV CURITIBA 2,BAT,Prompt,R,,,,0.0,,2026-07-15,
BR0442234R46218,C470915,BR0442234,TV CURITIBA 2,BAT,Prompt,R,,,,0.0,,2026-07-15,
BR0442235R46218,C470920,BR0442235,TV CURITIBA 2,BAT,Prompt,R,,,,0.0,,2026-07-15,
BR0442245R46218,C470759,BR0442245,TV CURITIBA 2,BAT,Prompt,R,,,,0.0,,2026-07-15,
BR0442246R46218,C470760,BR0442246,TV CURITIBA 2,BAT,Prompt,R,,,,0.0,,2026-07-15,
BR0075485R46219,C470741,BR0075485,TD Curitiba,FADEL,M1,R,,35,,0.0,35.0,2026-07-16,
BR0075488R46219,C470038,BR0075488,TD Curitiba,FADEL,M1,R,,23,,0.0,23.0,2026-07-16,
BR0075494R46219,C470024,BR0075494,TD Curitiba,FADEL,M1,R,,0,,0.0,0.0,2026-07-16,
BR0075517R46219,C470831,BR0075517,TD Curitiba,FADEL,M1,R,,24,,0.0,24.0,2026-07-16,
BR0075564R46219,C470740,BR0075564,TD Curitiba,FADEL,M1,R,,,,0.0,,2026-07-16,
BR0075595R46219,C470912,BR0075595,TD Curitiba,FADEL,M1,R,,0,,0.0,0.0,2026-07-16,
BR0075598R46219,C470749,BR0075598,TD Curitiba,FADEL,M1,R,,0,,0.0,0.0,2026-07-16,
BR0075727R46219,C470905,BR0075727,TD Curitiba,FADEL,M1,R,,,,0.0,,2026-07-16,
BR0075816R46219,C470744,BR0075816,TD Curitiba,FADEL,M1A,R,,,,0.0,,2026-07-16,
BR0075950R46219,C470901,BR0075950,TD Curitiba,FADEL,M1A,R,,,,0.0,,2026-07-16,
BR0219554R46219,C470025,BR0219554,TD Curitiba,FADEL,M1,R,,,,0.0,,2026-07-16,
BR0219562R46219,C470026,BR0219562,TD Curitiba,FADEL,M1,R,,,,0.0,,2026-07-16,
BR0075813R46219,C470750,BR0075813,TD Curitiba,FADEL,M1,R,,,,0.0,,2026-07-16,
BR0219544R46219,C470003,BR0219544,TD Curitiba,FADEL,M1,R,,0,,0.0,0.0,2026-07-16,
BR0219545R46219,C470010,BR0219545,TD Curitiba,FADEL,M1,R,,,,0.0,,2026-07-16,
BR0219549R46219,C470021,BR0219549,TD Curitiba,FADEL,M1,R,,,,0.0,,2026-07-16,
BR0075703R46219,C470742,BR0075703,TD Curitiba,FADEL,M1,R,,,,0.0,,2026-07-16,
BR0075865R46219,C470745,BR0075865,TD Curitiba,FADEL,M1,R,,,,0.0,,2026-07-16,
BR0075849R46219,C470900,BR0075849,TD Curitiba,FADEL,M1,R,,,,0.0,,2026-07-16,
BR0075512R46219,C470902,BR0075512,TD Curitiba,FADEL,M1,R,,0,,0.0,0.0,2026-07-16,
BR0075841R46219,C470743,BR0075841,TD Curitiba,FADEL,M1,R,24.0,,,16.799999999999997,,2026-07-16,
BR0075785R46219,C470904,BR0075785,TD Curitiba,FADEL,M1,R,,,,0.0,,2026-07-16,
BR0075542R46219,C470868,BR0075542,TD Curitiba,FADEL,M1,R,21.0,,,14.7,,2026-07-16,
BR0422998R46219,C470027,BR0422998,TD Curitiba,FADEL,M1,R,,,,0.0,,2026-07-16,
BR0422999R46219,C470028,BR0422999,TD Curitiba,FADEL,M1,R,,,,0.0,,2026-07-16,
BR0423000R46219,C470033,BR0423000,TD Curitiba,FADEL,M1,R,,,,0.0,,2026-07-16,
BR0423001R46219,C470101,BR0423001,TD Curitiba,FADEL,M1,R,,,,0.0,,2026-07-16,
BR0423002R46219,C470102,BR0423002,TD Curitiba,FADEL,M1,R,,,,0.0,,2026-07-16,
BR0075882R46219,C470870,BR0075882,TD Curitiba,FADEL,M1,R,,,,0.0,,2026-07-16,
BR0219552R46219,C470023,BR0219552,TD Curitiba,FADEL,M1,R,,,,0.0,,2026-07-16,
BR0219546R46219,C470014,BR0219546,TD Curitiba,FADEL,M1,R,,,,0.0,,2026-07-16,
BR0219599R46219,C470808,BR0219599,TD Curitiba,FADEL,M1,R,22.0,,,15.399999999999999,,2026-07-16,
BR0219600R46219,C470809,BR0219600,TD Curitiba,FADEL,M1,R,33.0,35,1.0606060606060606,23.099999999999998,11.900000000000002,2026-07-16,
BR0219601R46219,C470810,BR0219601,TD Curitiba,FADEL,M1,R,33.0,0,0.0,23.099999999999998,-23.099999999999998,2026-07-16,
BR0219603R46219,C470823,BR0219603,TD Curitiba,FADEL,M1,R,45.0,,,31.499999999999996,,2026-07-16,
BR0219605R46219,C470824,BR0219605,TD Curitiba,FADEL,M1,R,18.0,,,12.6,,2026-07-16,
BR0219606R46219,C470825,BR0219606,TD Curitiba,FADEL,M1,R,29.0,,,20.299999999999997,,2026-07-16,
BR0219609R46219,C470827,BR0219609,TD Curitiba,FADEL,M1,R,,,,0.0,,2026-07-16,
BR0219610R46219,C470828,BR0219610,TD Curitiba,FADEL,M1,R,,,,0.0,,2026-07-16,
BR0075562R46219,C470022,BR0075562,TD Curitiba,FADEL,M1,R,,,,0.0,,2026-07-16,
BR0075684R46219,C470739,BR0075684,TD Curitiba,FADEL,M1,R,,,,0.0,,2026-07-16,
BR0075652R46219,C470751,BR0075652,TD Curitiba,FADEL,M1,R,10.0,,,7.0,,2026-07-16,
BR0219608R46219,C470826,BR0219608,TD Curitiba,FADEL,M1,R,,,,0.0,,2026-07-16,
BR0075807R46219,C470747,BR0075807,TD Curitiba,FADEL,M1,R,,,,0.0,,2026-07-16,
BR0075798R46219,C470748,BR0075798,TD Curitiba,FADEL,M1,R,,,,0.0,,2026-07-16,
BR0075774R46219,C470752,BR0075774,TD Curitiba,FADEL,M1,R,,,,0.0,,2026-07-16,
BR0075712R46219,C470844,BR0075712,TD Curitiba,FADEL,M1,R,,,,0.0,,2026-07-16,
BR0075595R46219,C470912,BR0075595,TD Curitiba,FADEL,M1,R,,0,,0.0,0.0,2026-07-16,
BR0075783R46219,C470867,BR0075783,TD Curitiba,FADEL,M1,R,,,,0.0,,2026-07-16,
BR0075507R46219,C470866,BR0075507,TD Curitiba,FADEL,Grocery,R,,,,0.0,,2026-07-16,
BR0075522R46219,C470906,BR0075522,TD Curitiba,FADEL,Grocery,R,21.0,18,0.8571428571428571,14.7,3.3000000000000007,2026-07-16,
BR0075549R46219,C470911,BR0075549,TD Curitiba,FADEL,Grocery,R,12.0,0,0.0,8.399999999999999,-8.399999999999999,2026-07-16,
BR0075781R46219,C470903,BR0075781,TD Curitiba,FADEL,Grocery,R,29.0,,,20.299999999999997,,2026-07-16,
BR0075802R46219,C470746,BR0075802,TD Curitiba,FADEL,Grocery,R,36.0,0,0.0,25.2,-25.2,2026-07-16,
BR0442251R46219,C470801,BR0442251,TV CURITIBA 1,BAT,Prompt,R,,,,0.0,,2026-07-16,
BR0442252R46219,C470802,BR0442252,TV CURITIBA 1,BAT,Prompt,R,,,,0.0,,2026-07-16,
BR0442186R46219,C470924,BR0442186,TV CASCAVEL,BAT,Prompt,R,,,,0.0,,2026-07-16,
BR0442230R46219,C470907,BR0442230,TV CASCAVEL,BAT,Prompt,R,,0,,0.0,0.0,2026-07-16,
BR0442231R46219,C470908,BR0442231,TV CASCAVEL,BAT,Prompt,R,,,,0.0,,2026-07-16,
BR0442185R46219,C470923,BR0442185,TV CASCAVEL,BAT,Prompt,R,,,,0.0,,2026-07-16,
BR0442702R46219,C470803,BR0442702,TV CASCAVEL,BAT,Prompt,R,,,,0.0,,2026-07-16,
BR0347315R46219,C470841,BR0347315,TV CURITIBA 2,BAT,Prompt,R,,,,0.0,,2026-07-16,
BR0347316R46219,C470842,BR0347316,TV CURITIBA 2,BAT,Prompt,R,,,,0.0,,2026-07-16,
BR0442236R46219,C470976,BR0442236,TV CURITIBA 2,BAT,Prompt,R,,,,0.0,,2026-07-16,
BR0442237R46219,C470980,BR0442237,TV CURITIBA 2,BAT,Prompt,R,,,,0.0,,2026-07-16,
BR0442243R46219,C470999,BR0442243,TV CURITIBA 2,BAT,Prompt,R,,,,0.0,,2026-07-16,
BR0442232R46219,C470909,BR0442232,TV CURITIBA 2,BAT,Prompt,R,,,,0.0,,2026-07-16,
BR0442240R46219,C470977,BR0442240,TV CURITIBA 2,BAT,Prompt,R,,0,,0.0,0.0,2026-07-16,
BR0442242R46219,C470958,BR0442242,TV CURITIBA 2,BAT,Prompt,R,,,,0.0,,2026-07-16,
BR0442233R46219,C470910,BR0442233,TV CURITIBA 2,BAT,Prompt,R,,,,0.0,,2026-07-16,
BR0442234R46219,C470915,BR0442234,TV CURITIBA 2,BAT,Prompt,R,,,,0.0,,2026-07-16,
BR0442235R46219,C470920,BR0442235,TV CURITIBA 2,BAT,Prompt,R,,,,0.0,,2026-07-16,
BR0442245R46219,C470759,BR0442245,TV CURITIBA 2,BAT,Prompt,R,,0,,0.0,0.0,2026-07-16,
BR0442246R46219,C470760,BR0442246,TV CURITIBA 2,BAT,Prompt,R,,,,0.0,,2026-07-16,
BR0075485R46223,C470741,BR0075485,TD Curitiba,FADEL,M1,R,32.0,,,22.4,,2026-07-20,
BR0075488R46223,C470038,BR0075488,TD Curitiba,FADEL,M1,R,78.0,35,0.44871794871794873,54.599999999999994,-19.599999999999994,2026-07-20,
BR0075494R46223,C470024,BR0075494,TD Curitiba,FADEL,M1,R,34.0,0,0.0,23.799999999999997,-23.799999999999997,2026-07-20,
BR0075517R46223,C470831,BR0075517,TD Curitiba,FADEL,M1,R,25.0,,,17.5,,2026-07-20,
BR0075564R46223,C470740,BR0075564,TD Curitiba,FADEL,M1,R,41.0,,,28.7,,2026-07-20,
BR0075595R46223,C470912,BR0075595,TD Curitiba,FADEL,M1,R,,,,0.0,,2026-07-20,
BR0075598R46223,C470749,BR0075598,TD Curitiba,FADEL,M1,R,32.0,,,22.4,,2026-07-20,
BR0075727R46223,C470905,BR0075727,TD Curitiba,FADEL,M1,R,45.0,,,31.499999999999996,,2026-07-20,
BR0075816R46223,C470744,BR0075816,TD Curitiba,FADEL,M1A,R,13.0,,,9.1,,2026-07-20,
BR0075950R46223,C470901,BR0075950,TD Curitiba,FADEL,M1A,R,23.0,,,16.099999999999998,,2026-07-20,
BR0219554R46223,C470025,BR0219554,TD Curitiba,FADEL,M1,R,,,,0.0,,2026-07-20,
BR0219562R46223,C470026,BR0219562,TD Curitiba,FADEL,M1,R,,,,0.0,,2026-07-20,
BR0075813R46223,C470750,BR0075813,TD Curitiba,FADEL,M1,R,,,,0.0,,2026-07-20,
BR0219544R46223,C470003,BR0219544,TD Curitiba,FADEL,M1,R,,,,0.0,,2026-07-20,
BR0219545R46223,C470010,BR0219545,TD Curitiba,FADEL,M1,R,,,,0.0,,2026-07-20,
BR0219549R46223,C470021,BR0219549,TD Curitiba,FADEL,M1,R,,,,0.0,,2026-07-20,
BR0075703R46223,C470742,BR0075703,TD Curitiba,FADEL,M1,R,8.0,,,5.6,,2026-07-20,
BR0075865R46223,C470745,BR0075865,TD Curitiba,FADEL,M1,R,31.0,,,21.7,,2026-07-20,
BR0075849R46223,C470900,BR0075849,TD Curitiba,FADEL,M1,R,,,,0.0,,2026-07-20,
BR0075512R46223,C470902,BR0075512,TD Curitiba,FADEL,M1,R,,,,0.0,,2026-07-20,
BR0075841R46223,C470743,BR0075841,TD Curitiba,FADEL,M1,R,,,,0.0,,2026-07-20,
BR0075785R46223,C470904,BR0075785,TD Curitiba,FADEL,M1,R,39.0,,,27.299999999999997,,2026-07-20,
BR0075542R46223,C470868,BR0075542,TD Curitiba,FADEL,M1,R,,,,0.0,,2026-07-20,
BR0422998R46223,C470027,BR0422998,TD Curitiba,FADEL,M1,R,,,,0.0,,2026-07-20,
BR0422999R46223,C470028,BR0422999,TD Curitiba,FADEL,M1,R,,,,0.0,,2026-07-20,
BR0423000R46223,C470033,BR0423000,TD Curitiba,FADEL,M1,R,,,,0.0,,2026-07-20,
BR0423001R46223,C470101,BR0423001,TD Curitiba,FADEL,M1,R,,,,0.0,,2026-07-20,
BR0423002R46223,C470102,BR0423002,TD Curitiba,FADEL,M1,R,,,,0.0,,2026-07-20,
BR0075882R46223,C470870,BR0075882,TD Curitiba,FADEL,M1,R,,,,0.0,,2026-07-20,
BR0219552R46223,C470023,BR0219552,TD Curitiba,FADEL,M1,R,,,,0.0,,2026-07-20,
BR0219546R46223,C470014,BR0219546,TD Curitiba,FADEL,M1,R,,,,0.0,,2026-07-20,
BR0219599R46223,C470808,BR0219599,TD Curitiba,FADEL,M1,R,32.0,,,22.4,,2026-07-20,
BR0219600R46223,C470809,BR0219600,TD Curitiba,FADEL,M1,R,30.0,,,21.0,,2026-07-20,
BR0219601R46223,C470810,BR0219601,TD Curitiba,FADEL,M1,R,34.0,,,23.799999999999997,,2026-07-20,
BR0219603R46223,C470823,BR0219603,TD Curitiba,FADEL,M1,R,35.0,,,24.5,,2026-07-20,
BR0219605R46223,C470824,BR0219605,TD Curitiba,FADEL,M1,R,26.0,,,18.2,,2026-07-20,
BR0219606R46223,C470825,BR0219606,TD Curitiba,FADEL,M1,R,36.0,0,0.0,25.2,-25.2,2026-07-20,
BR0219609R46223,C470827,BR0219609,TD Curitiba,FADEL,M1,R,,,,0.0,,2026-07-20,
BR0219610R46223,C470828,BR0219610,TD Curitiba,FADEL,M1,R,,,,0.0,,2026-07-20,
BR0075562R46223,C470022,BR0075562,TD Curitiba,FADEL,M1,R,,,,0.0,,2026-07-20,
BR0075684R46223,C470739,BR0075684,TD Curitiba,FADEL,M1,R,,,,0.0,,2026-07-20,
BR0075652R46223,C470751,BR0075652,TD Curitiba,FADEL,M1,R,,,,0.0,,2026-07-20,
BR0219608R46223,C470826,BR0219608,TD Curitiba,FADEL,M1,R,,,,0.0,,2026-07-20,
BR0075807R46223,C470747,BR0075807,TD Curitiba,FADEL,M1,R,13.0,,,9.1,,2026-07-20,
BR0075798R46223,C470748,BR0075798,TD Curitiba,FADEL,M1,R,10.0,,,7.0,,2026-07-20,
BR0075774R46223,C470752,BR0075774,TD Curitiba,FADEL,M1,R,,,,0.0,,2026-07-20,
BR0075712R46223,C470844,BR0075712,TD Curitiba,FADEL,M1,R,,,,0.0,,2026-07-20,
BR0075595R46223,C470912,BR0075595,TD Curitiba,FADEL,M1,R,,,,0.0,,2026-07-20,
BR0075783R46223,C470867,BR0075783,TD Curitiba,FADEL,M1,R,,,,0.0,,2026-07-20,
BR0075507R46223,C470866,BR0075507,TD Curitiba,FADEL,Grocery,R,,,,0.0,,2026-07-20,
BR0075522R46223,C470906,BR0075522,TD Curitiba,FADEL,Grocery,R,25.0,,,17.5,,2026-07-20,
BR0075549R46223,C470911,BR0075549,TD Curitiba,FADEL,Grocery,R,35.0,,,24.5,,2026-07-20,
BR0075781R46223,C470903,BR0075781,TD Curitiba,FADEL,Grocery,R,11.0,0,0.0,7.699999999999999,-7.699999999999999,2026-07-20,
BR0075802R46223,C470746,BR0075802,TD Curitiba,FADEL,Grocery,R,24.0,,,16.799999999999997,,2026-07-20,
BR0442251R46223,C470801,BR0442251,TV CURITIBA 1,BAT,Prompt,R,,,,0.0,,2026-07-20,
BR0442252R46223,C470802,BR0442252,TV CURITIBA 1,BAT,Prompt,R,,,,0.0,,2026-07-20,
BR0442186R46223,C470924,BR0442186,TV CASCAVEL,BAT,Prompt,R,,,,0.0,,2026-07-20,
BR0442230R46223,C470907,BR0442230,TV CASCAVEL,BAT,Prompt,R,,,,0.0,,2026-07-20,
BR0442231R46223,C470908,BR0442231,TV CASCAVEL,BAT,Prompt,R,,,,0.0,,2026-07-20,
BR0442185R46223,C470923,BR0442185,TV CASCAVEL,BAT,Prompt,R,,,,0.0,,2026-07-20,
BR0442702R46223,C470803,BR0442702,TV CASCAVEL,BAT,Prompt,R,,,,0.0,,2026-07-20,
BR0347315R46223,C470841,BR0347315,TV CURITIBA 2,BAT,Prompt,R,,,,0.0,,2026-07-20,
BR0347316R46223,C470842,BR0347316,TV CURITIBA 2,BAT,Prompt,R,,,,0.0,,2026-07-20,
BR0442236R46223,C470976,BR0442236,TV CURITIBA 2,BAT,Prompt,R,,,,0.0,,2026-07-20,
BR0442237R46223,C470980,BR0442237,TV CURITIBA 2,BAT,Prompt,R,,,,0.0,,2026-07-20,
BR0442243R46223,C470999,BR0442243,TV CURITIBA 2,BAT,Prompt,R,,,,0.0,,2026-07-20,
BR0442232R46223,C470909,BR0442232,TV CURITIBA 2,BAT,Prompt,R,,,,0.0,,2026-07-20,
BR0442240R46223,C470977,BR0442240,TV CURITIBA 2,BAT,Prompt,R,,,,0.0,,2026-07-20,
BR0442242R46223,C470958,BR0442242,TV CURITIBA 2,BAT,Prompt,R,,,,0.0,,2026-07-20,
BR0442233R46223,C470910,BR0442233,TV CURITIBA 2,BAT,Prompt,R,,,,0.0,,2026-07-20,
BR0442234R46223,C470915,BR0442234,TV CURITIBA 2,BAT,Prompt,R,,,,0.0,,2026-07-20,
BR0442235R46223,C470920,BR0442235,TV CURITIBA 2,BAT,Prompt,R,,,,0.0,,2026-07-20,
BR0442245R46223,C470759,BR0442245,TV CURITIBA 2,BAT,Prompt,R,,,,0.0,,2026-07-20,
BR0442246R46223,C470760,BR0442246,TV CURITIBA 2,BAT,Prompt,R,,,,0.0,,2026-07-20,
BR0075485R46224,C470741,BR0075485,TD Curitiba,FADEL,M1,R,32.0,,,22.4,,2026-07-21,
BR0075488R46224,C470038,BR0075488,TD Curitiba,FADEL,M1,R,55.0,99,1.8,38.5,60.5,2026-07-21,
BR0075494R46224,C470024,BR0075494,TD Curitiba,FADEL,M1,R,66.0,21,0.3181818181818182,46.199999999999996,-25.199999999999996,2026-07-21,
BR0075517R46224,C470831,BR0075517,TD Curitiba,FADEL,M1,R,12.0,,,8.399999999999999,,2026-07-21,
BR0075564R46224,C470740,BR0075564,TD Curitiba,FADEL,M1,R,65.0,28,0.4307692307692308,45.5,-17.5,2026-07-21,
BR0075595R46224,C470912,BR0075595,TD Curitiba,FADEL,M1,R,,0,,0.0,0.0,2026-07-21,
BR0075598R46224,C470749,BR0075598,TD Curitiba,FADEL,M1,R,28.0,0,0.0,19.599999999999998,-19.599999999999998,2026-07-21,
BR0075727R46224,C470905,BR0075727,TD Curitiba,FADEL,M1,R,55.0,,,38.5,,2026-07-21,
BR0075816R46224,C470744,BR0075816,TD Curitiba,FADEL,M1A,R,,,,0.0,,2026-07-21,
BR0075950R46224,C470901,BR0075950,TD Curitiba,FADEL,M1A,R,35.0,0,0.0,24.5,-24.5,2026-07-21,
BR0219554R46224,C470025,BR0219554,TD Curitiba,FADEL,M1,R,,,,0.0,,2026-07-21,
BR0219562R46224,C470026,BR0219562,TD Curitiba,FADEL,M1,R,,,,0.0,,2026-07-21,
BR0075813R46224,C470750,BR0075813,TD Curitiba,FADEL,M1,R,,,,0.0,,2026-07-21,
BR0219544R46224,C470003,BR0219544,TD Curitiba,FADEL,M1,R,18.0,,,12.6,,2026-07-21,
BR0219545R46224,C470010,BR0219545,TD Curitiba,FADEL,M1,R,25.0,,,17.5,,2026-07-21,
BR0219549R46224,C470021,BR0219549,TD Curitiba,FADEL,M1,R,,,,0.0,,2026-07-21,
BR0075703R46224,C470742,BR0075703,TD Curitiba,FADEL,M1,R,,,,0.0,,2026-07-21,
BR0075865R46224,C470745,BR0075865,TD Curitiba,FADEL,M1,R,,,,0.0,,2026-07-21,
BR0075849R46224,C470900,BR0075849,TD Curitiba,FADEL,M1,R,,,,0.0,,2026-07-21,
BR0075512R46224,C470902,BR0075512,TD Curitiba,FADEL,M1,R,22.0,0,0.0,15.399999999999999,-15.399999999999999,2026-07-21,
BR0075841R46224,C470743,BR0075841,TD Curitiba,FADEL,M1,R,34.0,,,23.799999999999997,,2026-07-21,
BR0075785R46224,C470904,BR0075785,TD Curitiba,FADEL,M1,R,32.0,0,0.0,22.4,-22.4,2026-07-21,
BR0075542R46224,C470868,BR0075542,TD Curitiba,FADEL,M1,R,,,,0.0,,2026-07-21,
BR0422998R46224,C470027,BR0422998,TD Curitiba,FADEL,M1,R,,,,0.0,,2026-07-21,
BR0422999R46224,C470028,BR0422999,TD Curitiba,FADEL,M1,R,,,,0.0,,2026-07-21,
BR0423000R46224,C470033,BR0423000,TD Curitiba,FADEL,M1,R,,,,0.0,,2026-07-21,
BR0423001R46224,C470101,BR0423001,TD Curitiba,FADEL,M1,R,,,,0.0,,2026-07-21,
BR0423002R46224,C470102,BR0423002,TD Curitiba,FADEL,M1,R,,,,0.0,,2026-07-21,
BR0075882R46224,C470870,BR0075882,TD Curitiba,FADEL,M1,R,27.0,,,18.9,,2026-07-21,
BR0219552R46224,C470023,BR0219552,TD Curitiba,FADEL,M1,R,29.0,,,20.299999999999997,,2026-07-21,
BR0219546R46224,C470014,BR0219546,TD Curitiba,FADEL,M1,R,30.0,,,21.0,,2026-07-21,
BR0219599R46224,C470808,BR0219599,TD Curitiba,FADEL,M1,R,8.0,50,6.25,5.6,44.4,2026-07-21,
BR0219600R46224,C470809,BR0219600,TD Curitiba,FADEL,M1,R,25.0,,,17.5,,2026-07-21,
BR0219601R46224,C470810,BR0219601,TD Curitiba,FADEL,M1,R,33.0,,,23.099999999999998,,2026-07-21,
BR0219603R46224,C470823,BR0219603,TD Curitiba,FADEL,M1,R,29.0,0,0.0,20.299999999999997,-20.299999999999997,2026-07-21,
BR0219605R46224,C470824,BR0219605,TD Curitiba,FADEL,M1,R,20.0,0,0.0,14.0,-14.0,2026-07-21,
BR0219606R46224,C470825,BR0219606,TD Curitiba,FADEL,M1,R,31.0,,,21.7,,2026-07-21,
BR0219609R46224,C470827,BR0219609,TD Curitiba,FADEL,M1,R,,,,0.0,,2026-07-21,
BR0219610R46224,C470828,BR0219610,TD Curitiba,FADEL,M1,R,,,,0.0,,2026-07-21,
BR0075562R46224,C470022,BR0075562,TD Curitiba,FADEL,M1,R,19.0,,,13.299999999999999,,2026-07-21,
BR0075684R46224,C470739,BR0075684,TD Curitiba,FADEL,M1,R,,,,0.0,,2026-07-21,
BR0075652R46224,C470751,BR0075652,TD Curitiba,FADEL,M1,R,,,,0.0,,2026-07-21,
BR0219608R46224,C470826,BR0219608,TD Curitiba,FADEL,M1,R,,,,0.0,,2026-07-21,
BR0075807R46224,C470747,BR0075807,TD Curitiba,FADEL,M1,R,,,,0.0,,2026-07-21,
BR0075798R46224,C470748,BR0075798,TD Curitiba,FADEL,M1,R,,,,0.0,,2026-07-21,
BR0075774R46224,C470752,BR0075774,TD Curitiba,FADEL,M1,R,,,,0.0,,2026-07-21,
BR0075712R46224,C470844,BR0075712,TD Curitiba,FADEL,M1,R,,,,0.0,,2026-07-21,
BR0075595R46224,C470912,BR0075595,TD Curitiba,FADEL,M1,R,,0,,0.0,0.0,2026-07-21,
BR0075783R46224,C470867,BR0075783,TD Curitiba,FADEL,M1,R,,,,0.0,,2026-07-21,
BR0075507R46224,C470866,BR0075507,TD Curitiba,FADEL,Grocery,R,21.0,14,0.6666666666666666,14.7,-0.6999999999999993,2026-07-21,
BR0075522R46224,C470906,BR0075522,TD Curitiba,FADEL,Grocery,R,58.0,,,40.599999999999994,,2026-07-21,
BR0075549R46224,C470911,BR0075549,TD Curitiba,FADEL,Grocery,R,20.0,,,14.0,,2026-07-21,
BR0075781R46224,C470903,BR0075781,TD Curitiba,FADEL,Grocery,R,57.0,0,0.0,39.9,-39.9,2026-07-21,
BR0075802R46224,C470746,BR0075802,TD Curitiba,FADEL,Grocery,R,8.0,39,4.875,5.6,33.4,2026-07-21,
BR0442251R46224,C470801,BR0442251,TV CURITIBA 1,BAT,Prompt,R,,,,0.0,,2026-07-21,
BR0442252R46224,C470802,BR0442252,TV CURITIBA 1,BAT,Prompt,R,,,,0.0,,2026-07-21,
BR0442186R46224,C470924,BR0442186,TV CASCAVEL,BAT,Prompt,R,,0,,0.0,0.0,2026-07-21,
BR0442230R46224,C470907,BR0442230,TV CASCAVEL,BAT,Prompt,R,,,,0.0,,2026-07-21,
BR0442231R46224,C470908,BR0442231,TV CASCAVEL,BAT,Prompt,R,,,,0.0,,2026-07-21,
BR0442185R46224,C470923,BR0442185,TV CASCAVEL,BAT,Prompt,R,,0,,0.0,0.0,2026-07-21,
BR0442702R46224,C470803,BR0442702,TV CASCAVEL,BAT,Prompt,R,,0,,0.0,0.0,2026-07-21,
BR0347315R46224,C470841,BR0347315,TV CURITIBA 2,BAT,Prompt,R,,,,0.0,,2026-07-21,
BR0347316R46224,C470842,BR0347316,TV CURITIBA 2,BAT,Prompt,R,,,,0.0,,2026-07-21,
BR0442236R46224,C470976,BR0442236,TV CURITIBA 2,BAT,Prompt,R,,,,0.0,,2026-07-21,
BR0442237R46224,C470980,BR0442237,TV CURITIBA 2,BAT,Prompt,R,,0,,0.0,0.0,2026-07-21,
BR0442243R46224,C470999,BR0442243,TV CURITIBA 2,BAT,Prompt,R,,,,0.0,,2026-07-21,
BR0442232R46224,C470909,BR0442232,TV CURITIBA 2,BAT,Prompt,R,,,,0.0,,2026-07-21,
BR0442240R46224,C470977,BR0442240,TV CURITIBA 2,BAT,Prompt,R,,0,,0.0,0.0,2026-07-21,
BR0442242R46224,C470958,BR0442242,TV CURITIBA 2,BAT,Prompt,R,,,,0.0,,2026-07-21,
BR0442233R46224,C470910,BR0442233,TV CURITIBA 2,BAT,Prompt,R,,0,,0.0,0.0,2026-07-21,
BR0442234R46224,C470915,BR0442234,TV CURITIBA 2,BAT,Prompt,R,,,,0.0,,2026-07-21,
BR0442235R46224,C470920,BR0442235,TV CURITIBA 2,BAT,Prompt,R,,,,0.0,,2026-07-21,
BR0442245R46224,C470759,BR0442245,TV CURITIBA 2,BAT,Prompt,R,,,,0.0,,2026-07-21,
BR0442246R46224,C470760,BR0442246,TV CURITIBA 2,BAT,Prompt,R,,0,,0.0,0.0,2026-07-21,
BR0075485R46225,C470741,BR0075485,TD Curitiba,FADEL,M1,R,28.0,,,19.599999999999998,,2026-07-22,
BR0075488R46225,C470038,BR0075488,TD Curitiba,FADEL,M1,R,39.0,99,2.5384615384615383,27.299999999999997,71.7,2026-07-22,
BR0075494R46225,C470024,BR0075494,TD Curitiba,FADEL,M1,R,40.0,21,0.525,28.0,-7.0,2026-07-22,
BR0075517R46225,C470831,BR0075517,TD Curitiba,FADEL,M1,R,16.0,,,11.2,,2026-07-22,
BR0075564R46225,C470740,BR0075564,TD Curitiba,FADEL,M1,R,15.0,28,1.8666666666666667,10.5,17.5,2026-07-22,
BR0075595R46225,C470912,BR0075595,TD Curitiba,FADEL,M1,R,,0,,0.0,0.0,2026-07-22,
BR0075598R46225,C470749,BR0075598,TD Curitiba,FADEL,M1,R,35.0,0,0.0,24.5,-24.5,2026-07-22,
BR0075727R46225,C470905,BR0075727,TD Curitiba,FADEL,M1,R,47.0,,,32.9,,2026-07-22,
BR0075816R46225,C470744,BR0075816,TD Curitiba,FADEL,M1A,R,,,,0.0,,2026-07-22,
BR0075950R46225,C470901,BR0075950,TD Curitiba,FADEL,M1A,R,30.0,0,0.0,21.0,-21.0,2026-07-22,
BR0219554R46225,C470025,BR0219554,TD Curitiba,FADEL,M1,R,,,,0.0,,2026-07-22,
BR0219562R46225,C470026,BR0219562,TD Curitiba,FADEL,M1,R,,,,0.0,,2026-07-22,
BR0075813R46225,C470750,BR0075813,TD Curitiba,FADEL,M1,R,,,,0.0,,2026-07-22,
BR0219544R46225,C470003,BR0219544,TD Curitiba,FADEL,M1,R,,,,0.0,,2026-07-22,
BR0219545R46225,C470010,BR0219545,TD Curitiba,FADEL,M1,R,,,,0.0,,2026-07-22,
BR0219549R46225,C470021,BR0219549,TD Curitiba,FADEL,M1,R,,,,0.0,,2026-07-22,
BR0075703R46225,C470742,BR0075703,TD Curitiba,FADEL,M1,R,,,,0.0,,2026-07-22,
BR0075865R46225,C470745,BR0075865,TD Curitiba,FADEL,M1,R,,,,0.0,,2026-07-22,
BR0075849R46225,C470900,BR0075849,TD Curitiba,FADEL,M1,R,,,,0.0,,2026-07-22,
BR0075512R46225,C470902,BR0075512,TD Curitiba,FADEL,M1,R,,0,,0.0,0.0,2026-07-22,
BR0075841R46225,C470743,BR0075841,TD Curitiba,FADEL,M1,R,,,,0.0,,2026-07-22,
BR0075785R46225,C470904,BR0075785,TD Curitiba,FADEL,M1,R,,0,,0.0,0.0,2026-07-22,
BR0075542R46225,C470868,BR0075542,TD Curitiba,FADEL,M1,R,,,,0.0,,2026-07-22,
BR0422998R46225,C470027,BR0422998,TD Curitiba,FADEL,M1,R,,,,0.0,,2026-07-22,
BR0422999R46225,C470028,BR0422999,TD Curitiba,FADEL,M1,R,,,,0.0,,2026-07-22,
BR0423000R46225,C470033,BR0423000,TD Curitiba,FADEL,M1,R,,,,0.0,,2026-07-22,
BR0423001R46225,C470101,BR0423001,TD Curitiba,FADEL,M1,R,,,,0.0,,2026-07-22,
BR0423002R46225,C470102,BR0423002,TD Curitiba,FADEL,M1,R,,,,0.0,,2026-07-22,
BR0075882R46225,C470870,BR0075882,TD Curitiba,FADEL,M1,R,,,,0.0,,2026-07-22,
BR0219552R46225,C470023,BR0219552,TD Curitiba,FADEL,M1,R,,,,0.0,,2026-07-22,
BR0219546R46225,C470014,BR0219546,TD Curitiba,FADEL,M1,R,,,,0.0,,2026-07-22,
BR0219599R46225,C470808,BR0219599,TD Curitiba,FADEL,M1,R,9.0,50,5.555555555555555,6.3,43.7,2026-07-22,
BR0219600R46225,C470809,BR0219600,TD Curitiba,FADEL,M1,R,,,,0.0,,2026-07-22,
BR0219601R46225,C470810,BR0219601,TD Curitiba,FADEL,M1,R,28.0,,,19.599999999999998,,2026-07-22,
BR0219603R46225,C470823,BR0219603,TD Curitiba,FADEL,M1,R,4.0,0,0.0,2.8,-2.8,2026-07-22,
BR0219605R46225,C470824,BR0219605,TD Curitiba,FADEL,M1,R,,0,,0.0,0.0,2026-07-22,
BR0219606R46225,C470825,BR0219606,TD Curitiba,FADEL,M1,R,36.0,,,25.2,,2026-07-22,
BR0219609R46225,C470827,BR0219609,TD Curitiba,FADEL,M1,R,,,,0.0,,2026-07-22,
BR0219610R46225,C470828,BR0219610,TD Curitiba,FADEL,M1,R,,,,0.0,,2026-07-22,
BR0075562R46225,C470022,BR0075562,TD Curitiba,FADEL,M1,R,,,,0.0,,2026-07-22,
BR0075684R46225,C470739,BR0075684,TD Curitiba,FADEL,M1,R,,,,0.0,,2026-07-22,
BR0075652R46225,C470751,BR0075652,TD Curitiba,FADEL,M1,R,,,,0.0,,2026-07-22,
BR0219608R46225,C470826,BR0219608,TD Curitiba,FADEL,M1,R,,,,0.0,,2026-07-22,
BR0075807R46225,C470747,BR0075807,TD Curitiba,FADEL,M1,R,,,,0.0,,2026-07-22,
BR0075798R46225,C470748,BR0075798,TD Curitiba,FADEL,M1,R,,,,0.0,,2026-07-22,
BR0075774R46225,C470752,BR0075774,TD Curitiba,FADEL,M1,R,,,,0.0,,2026-07-22,
BR0075712R46225,C470844,BR0075712,TD Curitiba,FADEL,M1,R,,,,0.0,,2026-07-22,
BR0075595R46225,C470912,BR0075595,TD Curitiba,FADEL,M1,R,,0,,0.0,0.0,2026-07-22,
BR0075783R46225,C470867,BR0075783,TD Curitiba,FADEL,M1,R,,,,0.0,,2026-07-22,
BR0075507R46225,C470866,BR0075507,TD Curitiba,FADEL,Grocery,R,,14,,0.0,14.0,2026-07-22,
BR0075522R46225,C470906,BR0075522,TD Curitiba,FADEL,Grocery,R,9.0,,,6.3,,2026-07-22,
BR0075549R46225,C470911,BR0075549,TD Curitiba,FADEL,Grocery,R,31.0,,,21.7,,2026-07-22,
BR0075781R46225,C470903,BR0075781,TD Curitiba,FADEL,Grocery,R,18.0,0,0.0,12.6,-12.6,2026-07-22,
BR0075802R46225,C470746,BR0075802,TD Curitiba,FADEL,Grocery,R,25.0,39,1.56,17.5,21.5,2026-07-22,
BR0442251R46225,C470801,BR0442251,TV CURITIBA 1,BAT,Prompt,R,,,,0.0,,2026-07-22,
BR0442252R46225,C470802,BR0442252,TV CURITIBA 1,BAT,Prompt,R,,,,0.0,,2026-07-22,
BR0442186R46225,C470924,BR0442186,TV CASCAVEL,BAT,Prompt,R,,0,,0.0,0.0,2026-07-22,
BR0442230R46225,C470907,BR0442230,TV CASCAVEL,BAT,Prompt,R,,,,0.0,,2026-07-22,
BR0442231R46225,C470908,BR0442231,TV CASCAVEL,BAT,Prompt,R,,,,0.0,,2026-07-22,
BR0442185R46225,C470923,BR0442185,TV CASCAVEL,BAT,Prompt,R,,0,,0.0,0.0,2026-07-22,
BR0442702R46225,C470803,BR0442702,TV CASCAVEL,BAT,Prompt,R,,0,,0.0,0.0,2026-07-22,
BR0347315R46225,C470841,BR0347315,TV CURITIBA 2,BAT,Prompt,R,,,,0.0,,2026-07-22,
BR0347316R46225,C470842,BR0347316,TV CURITIBA 2,BAT,Prompt,R,,,,0.0,,2026-07-22,
BR0442236R46225,C470976,BR0442236,TV CURITIBA 2,BAT,Prompt,R,,,,0.0,,2026-07-22,
BR0442237R46225,C470980,BR0442237,TV CURITIBA 2,BAT,Prompt,R,,0,,0.0,0.0,2026-07-22,
BR0442243R46225,C470999,BR0442243,TV CURITIBA 2,BAT,Prompt,R,,,,0.0,,2026-07-22,
BR0442232R46225,C470909,BR0442232,TV CURITIBA 2,BAT,Prompt,R,,,,0.0,,2026-07-22,
BR0442240R46225,C470977,BR0442240,TV CURITIBA 2,BAT,Prompt,R,,0,,0.0,0.0,2026-07-22,
BR0442242R46225,C470958,BR0442242,TV CURITIBA 2,BAT,Prompt,R,,,,0.0,,2026-07-22,
BR0442233R46225,C470910,BR0442233,TV CURITIBA 2,BAT,Prompt,R,,0,,0.0,0.0,2026-07-22,
BR0442234R46225,C470915,BR0442234,TV CURITIBA 2,BAT,Prompt,R,,,,0.0,,2026-07-22,
BR0442235R46225,C470920,BR0442235,TV CURITIBA 2,BAT,Prompt,R,,,,0.0,,2026-07-22,
BR0442245R46225,C470759,BR0442245,TV CURITIBA 2,BAT,Prompt,R,,,,0.0,,2026-07-22,
BR0442246R46225,C470760,BR0442246,TV CURITIBA 2,BAT,Prompt,R,,0,,0.0,0.0,2026-07-22,
BR0075485R46226,C470741,BR0075485,TD Curitiba,FADEL,M1,R,28.0,,,19.599999999999998,,2026-07-23,
BR0075488R46226,C470038,BR0075488,TD Curitiba,FADEL,M1,R,39.0,2,0.05128205128205128,27.299999999999997,-25.299999999999997,2026-07-23,
BR0075494R46226,C470024,BR0075494,TD Curitiba,FADEL,M1,R,40.0,21,0.525,28.0,-7.0,2026-07-23,
BR0075517R46226,C470831,BR0075517,TD Curitiba,FADEL,M1,R,16.0,,,11.2,,2026-07-23,
BR0075564R46226,C470740,BR0075564,TD Curitiba,FADEL,M1,R,15.0,,,10.5,,2026-07-23,
BR0075595R46226,C470912,BR0075595,TD Curitiba,FADEL,M1,R,,0,,0.0,0.0,2026-07-23,
BR0075598R46226,C470749,BR0075598,TD Curitiba,FADEL,M1,R,35.0,0,0.0,24.5,-24.5,2026-07-23,
BR0075727R46226,C470905,BR0075727,TD Curitiba,FADEL,M1,R,47.0,,,32.9,,2026-07-23,
BR0075816R46226,C470744,BR0075816,TD Curitiba,FADEL,M1A,R,,,,0.0,,2026-07-23,
BR0075950R46226,C470901,BR0075950,TD Curitiba,FADEL,M1A,R,30.0,14,0.4666666666666667,21.0,-7.0,2026-07-23,
BR0219554R46226,C470025,BR0219554,TD Curitiba,FADEL,M1,R,,,,0.0,,2026-07-23,
BR0219562R46226,C470026,BR0219562,TD Curitiba,FADEL,M1,R,,,,0.0,,2026-07-23,
BR0075813R46226,C470750,BR0075813,TD Curitiba,FADEL,M1,R,,,,0.0,,2026-07-23,
BR0219544R46226,C470003,BR0219544,TD Curitiba,FADEL,M1,R,,,,0.0,,2026-07-23,
BR0219545R46226,C470010,BR0219545,TD Curitiba,FADEL,M1,R,,,,0.0,,2026-07-23,
BR0219549R46226,C470021,BR0219549,TD Curitiba,FADEL,M1,R,,,,0.0,,2026-07-23,
BR0075703R46226,C470742,BR0075703,TD Curitiba,FADEL,M1,R,,,,0.0,,2026-07-23,
BR0075865R46226,C470745,BR0075865,TD Curitiba,FADEL,M1,R,,,,0.0,,2026-07-23,
BR0075849R46226,C470900,BR0075849,TD Curitiba,FADEL,M1,R,,,,0.0,,2026-07-23,
BR0075512R46226,C470902,BR0075512,TD Curitiba,FADEL,M1,R,,,,0.0,,2026-07-23,
BR0075841R46226,C470743,BR0075841,TD Curitiba,FADEL,M1,R,,,,0.0,,2026-07-23,
BR0075785R46226,C470904,BR0075785,TD Curitiba,FADEL,M1,R,,,,0.0,,2026-07-23,
BR0075542R46226,C470868,BR0075542,TD Curitiba,FADEL,M1,R,,,,0.0,,2026-07-23,
BR0422998R46226,C470027,BR0422998,TD Curitiba,FADEL,M1,R,,,,0.0,,2026-07-23,
BR0422999R46226,C470028,BR0422999,TD Curitiba,FADEL,M1,R,,,,0.0,,2026-07-23,
BR0423000R46226,C470033,BR0423000,TD Curitiba,FADEL,M1,R,,,,0.0,,2026-07-23,
BR0423001R46226,C470101,BR0423001,TD Curitiba,FADEL,M1,R,,,,0.0,,2026-07-23,
BR0423002R46226,C470102,BR0423002,TD Curitiba,FADEL,M1,R,,,,0.0,,2026-07-23,
BR0075882R46226,C470870,BR0075882,TD Curitiba,FADEL,M1,R,,,,0.0,,2026-07-23,
BR0219552R46226,C470023,BR0219552,TD Curitiba,FADEL,M1,R,,,,0.0,,2026-07-23,
BR0219546R46226,C470014,BR0219546,TD Curitiba,FADEL,M1,R,,0,,0.0,0.0,2026-07-23,
BR0219599R46226,C470808,BR0219599,TD Curitiba,FADEL,M1,R,9.0,,,6.3,,2026-07-23,
BR0219600R46226,C470809,BR0219600,TD Curitiba,FADEL,M1,R,,,,0.0,,2026-07-23,
BR0219601R46226,C470810,BR0219601,TD Curitiba,FADEL,M1,R,28.0,0,0.0,19.599999999999998,-19.599999999999998,2026-07-23,
BR0219603R46226,C470823,BR0219603,TD Curitiba,FADEL,M1,R,4.0,,,2.8,,2026-07-23,
BR0219605R46226,C470824,BR0219605,TD Curitiba,FADEL,M1,R,,,,0.0,,2026-07-23,
BR0219606R46226,C470825,BR0219606,TD Curitiba,FADEL,M1,R,36.0,0,0.0,25.2,-25.2,2026-07-23,
BR0219609R46226,C470827,BR0219609,TD Curitiba,FADEL,M1,R,,,,0.0,,2026-07-23,
BR0219610R46226,C470828,BR0219610,TD Curitiba,FADEL,M1,R,,,,0.0,,2026-07-23,
BR0075562R46226,C470022,BR0075562,TD Curitiba,FADEL,M1,R,,,,0.0,,2026-07-23,
BR0075684R46226,C470739,BR0075684,TD Curitiba,FADEL,M1,R,,,,0.0,,2026-07-23,
BR0075652R46226,C470751,BR0075652,TD Curitiba,FADEL,M1,R,,,,0.0,,2026-07-23,
BR0219608R46226,C470826,BR0219608,TD Curitiba,FADEL,M1,R,,,,0.0,,2026-07-23,
BR0075807R46226,C470747,BR0075807,TD Curitiba,FADEL,M1,R,,,,0.0,,2026-07-23,
BR0075798R46226,C470748,BR0075798,TD Curitiba,FADEL,M1,R,,,,0.0,,2026-07-23,
BR0075774R46226,C470752,BR0075774,TD Curitiba,FADEL,M1,R,,,,0.0,,2026-07-23,
BR0075712R46226,C470844,BR0075712,TD Curitiba,FADEL,M1,R,,,,0.0,,2026-07-23,
BR0075595R46226,C470912,BR0075595,TD Curitiba,FADEL,M1,R,,0,,0.0,0.0,2026-07-23,
BR0075783R46226,C470867,BR0075783,TD Curitiba,FADEL,M1,R,,,,0.0,,2026-07-23,
BR0075507R46226,C470866,BR0075507,TD Curitiba,FADEL,Grocery,R,,,,0.0,,2026-07-23,
BR0075522R46226,C470906,BR0075522,TD Curitiba,FADEL,Grocery,R,9.0,,,6.3,,2026-07-23,
BR0075549R46226,C470911,BR0075549,TD Curitiba,FADEL,Grocery,R,31.0,,,21.7,,2026-07-23,
BR0075781R46226,C470903,BR0075781,TD Curitiba,FADEL,Grocery,R,18.0,,,12.6,,2026-07-23,
BR0075802R46226,C470746,BR0075802,TD Curitiba,FADEL,Grocery,R,25.0,,,17.5,,2026-07-23,
BR0442251R46226,C470801,BR0442251,TV CURITIBA 1,BAT,Prompt,R,,,,0.0,,2026-07-23,
BR0442252R46226,C470802,BR0442252,TV CURITIBA 1,BAT,Prompt,R,,,,0.0,,2026-07-23,
BR0442186R46226,C470924,BR0442186,TV CASCAVEL,BAT,Prompt,R,,,,0.0,,2026-07-23,
BR0442230R46226,C470907,BR0442230,TV CASCAVEL,BAT,Prompt,R,,,,0.0,,2026-07-23,
BR0442231R46226,C470908,BR0442231,TV CASCAVEL,BAT,Prompt,R,,,,0.0,,2026-07-23,
BR0442185R46226,C470923,BR0442185,TV CASCAVEL,BAT,Prompt,R,,,,0.0,,2026-07-23,
BR0442702R46226,C470803,BR0442702,TV CASCAVEL,BAT,Prompt,R,,,,0.0,,2026-07-23,
BR0347315R46226,C470841,BR0347315,TV CURITIBA 2,BAT,Prompt,R,,,,0.0,,2026-07-23,
BR0347316R46226,C470842,BR0347316,TV CURITIBA 2,BAT,Prompt,R,,,,0.0,,2026-07-23,
BR0442236R46226,C470976,BR0442236,TV CURITIBA 2,BAT,Prompt,R,,,,0.0,,2026-07-23,
BR0442237R46226,C470980,BR0442237,TV CURITIBA 2,BAT,Prompt,R,,,,0.0,,2026-07-23,
BR0442243R46226,C470999,BR0442243,TV CURITIBA 2,BAT,Prompt,R,,,,0.0,,2026-07-23,
BR0442232R46226,C470909,BR0442232,TV CURITIBA 2,BAT,Prompt,R,,,,0.0,,2026-07-23,
BR0442240R46226,C470977,BR0442240,TV CURITIBA 2,BAT,Prompt,R,,0,,0.0,0.0,2026-07-23,
BR0442242R46226,C470958,BR0442242,TV CURITIBA 2,BAT,Prompt,R,,,,0.0,,2026-07-23,
BR0442233R46226,C470910,BR0442233,TV CURITIBA 2,BAT,Prompt,R,,,,0.0,,2026-07-23,
BR0442234R46226,C470915,BR0442234,TV CURITIBA 2,BAT,Prompt,R,,,,0.0,,2026-07-23,
BR0442235R46226,C470920,BR0442235,TV CURITIBA 2,BAT,Prompt,R,,,,0.0,,2026-07-23,
BR0442245R46226,C470759,BR0442245,TV CURITIBA 2,BAT,Prompt,R,,,,0.0,,2026-07-23,
BR0442246R46226,C470760,BR0442246,TV CURITIBA 2,BAT,Prompt,R,,,,0.0,,2026-07-23,
BR0075485R46227,C470741,BR0075485,TD Curitiba,FADEL,M1,R,32.0,,,22.4,,2026-07-24,
BR0075488R46227,C470038,BR0075488,TD Curitiba,FADEL,M1,R,31.0,10,0.3225806451612903,21.7,-11.7,2026-07-24,
BR0075494R46227,C470024,BR0075494,TD Curitiba,FADEL,M1,R,33.0,15,0.45454545454545453,23.099999999999998,-8.099999999999998,2026-07-24,
BR0075517R46227,C470831,BR0075517,TD Curitiba,FADEL,M1,R,29.0,,,20.299999999999997,,2026-07-24,
BR0075564R46227,C470740,BR0075564,TD Curitiba,FADEL,M1,R,51.0,29,0.5686274509803921,35.699999999999996,-6.699999999999996,2026-07-24,
BR0075595R46227,C470912,BR0075595,TD Curitiba,FADEL,M1,R,,0,,0.0,0.0,2026-07-24,
BR0075598R46227,C470749,BR0075598,TD Curitiba,FADEL,M1,R,32.0,,,22.4,,2026-07-24,
BR0075727R46227,C470905,BR0075727,TD Curitiba,FADEL,M1,R,15.0,,,10.5,,2026-07-24,
BR0075816R46227,C470744,BR0075816,TD Curitiba,FADEL,M1A,R,,,,0.0,,2026-07-24,
BR0075950R46227,C470901,BR0075950,TD Curitiba,FADEL,M1A,R,31.0,22,0.7096774193548387,21.7,0.3000000000000007,2026-07-24,
BR0219554R46227,C470025,BR0219554,TD Curitiba,FADEL,M1,R,,,,0.0,,2026-07-24,
BR0219562R46227,C470026,BR0219562,TD Curitiba,FADEL,M1,R,,,,0.0,,2026-07-24,
BR0075813R46227,C470750,BR0075813,TD Curitiba,FADEL,M1,R,,,,0.0,,2026-07-24,
BR0219544R46227,C470003,BR0219544,TD Curitiba,FADEL,M1,R,,,,0.0,,2026-07-24,
BR0219545R46227,C470010,BR0219545,TD Curitiba,FADEL,M1,R,,,,0.0,,2026-07-24,
BR0219549R46227,C470021,BR0219549,TD Curitiba,FADEL,M1,R,,,,0.0,,2026-07-24,
BR0075703R46227,C470742,BR0075703,TD Curitiba,FADEL,M1,R,,,,0.0,,2026-07-24,
BR0075865R46227,C470745,BR0075865,TD Curitiba,FADEL,M1,R,,,,0.0,,2026-07-24,
BR0075849R46227,C470900,BR0075849,TD Curitiba,FADEL,M1,R,,,,0.0,,2026-07-24,
BR0075512R46227,C470902,BR0075512,TD Curitiba,FADEL,M1,R,,,,0.0,,2026-07-24,
BR0075841R46227,C470743,BR0075841,TD Curitiba,FADEL,M1,R,,,,0.0,,2026-07-24,
BR0075785R46227,C470904,BR0075785,TD Curitiba,FADEL,M1,R,,,,0.0,,2026-07-24,
BR0075542R46227,C470868,BR0075542,TD Curitiba,FADEL,M1,R,,,,0.0,,2026-07-24,
BR0422998R46227,C470027,BR0422998,TD Curitiba,FADEL,M1,R,,,,0.0,,2026-07-24,
BR0422999R46227,C470028,BR0422999,TD Curitiba,FADEL,M1,R,,,,0.0,,2026-07-24,
BR0423000R46227,C470033,BR0423000,TD Curitiba,FADEL,M1,R,,,,0.0,,2026-07-24,
BR0423001R46227,C470101,BR0423001,TD Curitiba,FADEL,M1,R,,,,0.0,,2026-07-24,
BR0423002R46227,C470102,BR0423002,TD Curitiba,FADEL,M1,R,,,,0.0,,2026-07-24,
BR0075882R46227,C470870,BR0075882,TD Curitiba,FADEL,M1,R,,,,0.0,,2026-07-24,
BR0219552R46227,C470023,BR0219552,TD Curitiba,FADEL,M1,R,,,,0.0,,2026-07-24,
BR0219546R46227,C470014,BR0219546,TD Curitiba,FADEL,M1,R,,,,0.0,,2026-07-24,
BR0219599R46227,C470808,BR0219599,TD Curitiba,FADEL,M1,R,19.0,,,13.299999999999999,,2026-07-24,
BR0219600R46227,C470809,BR0219600,TD Curitiba,FADEL,M1,R,,,,0.0,,2026-07-24,
BR0219601R46227,C470810,BR0219601,TD Curitiba,FADEL,M1,R,34.0,0,0.0,23.799999999999997,-23.799999999999997,2026-07-24,
BR0219603R46227,C470823,BR0219603,TD Curitiba,FADEL,M1,R,23.0,,,16.099999999999998,,2026-07-24,
BR0219605R46227,C470824,BR0219605,TD Curitiba,FADEL,M1,R,31.0,0,0.0,21.7,-21.7,2026-07-24,
BR0219606R46227,C470825,BR0219606,TD Curitiba,FADEL,M1,R,31.0,47,1.5161290322580645,21.7,25.3,2026-07-24,
BR0219609R46227,C470827,BR0219609,TD Curitiba,FADEL,M1,R,,,,0.0,,2026-07-24,
BR0219610R46227,C470828,BR0219610,TD Curitiba,FADEL,M1,R,,,,0.0,,2026-07-24,
BR0075562R46227,C470022,BR0075562,TD Curitiba,FADEL,M1,R,,,,0.0,,2026-07-24,
BR0075684R46227,C470739,BR0075684,TD Curitiba,FADEL,M1,R,,,,0.0,,2026-07-24,
BR0075652R46227,C470751,BR0075652,TD Curitiba,FADEL,M1,R,,,,0.0,,2026-07-24,
BR0219608R46227,C470826,BR0219608,TD Curitiba,FADEL,M1,R,,,,0.0,,2026-07-24,
BR0075807R46227,C470747,BR0075807,TD Curitiba,FADEL,M1,R,,,,0.0,,2026-07-24,
BR0075798R46227,C470748,BR0075798,TD Curitiba,FADEL,M1,R,,,,0.0,,2026-07-24,
BR0075774R46227,C470752,BR0075774,TD Curitiba,FADEL,M1,R,,,,0.0,,2026-07-24,
BR0075712R46227,C470844,BR0075712,TD Curitiba,FADEL,M1,R,,,,0.0,,2026-07-24,
BR0075595R46227,C470912,BR0075595,TD Curitiba,FADEL,M1,R,,0,,0.0,0.0,2026-07-24,
BR0075783R46227,C470867,BR0075783,TD Curitiba,FADEL,M1,R,,,,0.0,,2026-07-24,
BR0075507R46227,C470866,BR0075507,TD Curitiba,FADEL,Grocery,R,,,,0.0,,2026-07-24,
BR0075522R46227,C470906,BR0075522,TD Curitiba,FADEL,Grocery,R,11.0,0,0.0,7.699999999999999,-7.699999999999999,2026-07-24,
BR0075549R46227,C470911,BR0075549,TD Curitiba,FADEL,Grocery,R,23.0,61,2.652173913043478,16.099999999999998,44.900000000000006,2026-07-24,
BR0075781R46227,C470903,BR0075781,TD Curitiba,FADEL,Grocery,R,32.0,15,0.46875,22.4,-7.399999999999999,2026-07-24,
BR0075802R46227,C470746,BR0075802,TD Curitiba,FADEL,Grocery,R,9.0,0,0.0,6.3,-6.3,2026-07-24,
BR0442251R46227,C470801,BR0442251,TV CURITIBA 1,BAT,Prompt,R,,,,0.0,,2026-07-24,
BR0442252R46227,C470802,BR0442252,TV CURITIBA 1,BAT,Prompt,R,,,,0.0,,2026-07-24,
BR0442186R46227,C470924,BR0442186,TV CASCAVEL,BAT,Prompt,R,,,,0.0,,2026-07-24,
BR0442230R46227,C470907,BR0442230,TV CASCAVEL,BAT,Prompt,R,,,,0.0,,2026-07-24,
BR0442231R46227,C470908,BR0442231,TV CASCAVEL,BAT,Prompt,R,,,,0.0,,2026-07-24,
BR0442185R46227,C470923,BR0442185,TV CASCAVEL,BAT,Prompt,R,,,,0.0,,2026-07-24,
BR0442702R46227,C470803,BR0442702,TV CASCAVEL,BAT,Prompt,R,,,,0.0,,2026-07-24,
BR0347315R46227,C470841,BR0347315,TV CURITIBA 2,BAT,Prompt,R,,,,0.0,,2026-07-24,
BR0347316R46227,C470842,BR0347316,TV CURITIBA 2,BAT,Prompt,R,,,,0.0,,2026-07-24,
BR0442236R46227,C470976,BR0442236,TV CURITIBA 2,BAT,Prompt,R,,,,0.0,,2026-07-24,
BR0442237R46227,C470980,BR0442237,TV CURITIBA 2,BAT,Prompt,R,,,,0.0,,2026-07-24,
BR0442243R46227,C470999,BR0442243,TV CURITIBA 2,BAT,Prompt,R,,,,0.0,,2026-07-24,
BR0442232R46227,C470909,BR0442232,TV CURITIBA 2,BAT,Prompt,R,,,,0.0,,2026-07-24,
BR0442240R46227,C470977,BR0442240,TV CURITIBA 2,BAT,Prompt,R,,0,,0.0,0.0,2026-07-24,
BR0442242R46227,C470958,BR0442242,TV CURITIBA 2,BAT,Prompt,R,,,,0.0,,2026-07-24,
BR0442233R46227,C470910,BR0442233,TV CURITIBA 2,BAT,Prompt,R,,,,0.0,,2026-07-24,
BR0442234R46227,C470915,BR0442234,TV CURITIBA 2,BAT,Prompt,R,,0,,0.0,0.0,2026-07-24,
BR0442235R46227,C470920,BR0442235,TV CURITIBA 2,BAT,Prompt,R,,,,0.0,,2026-07-24,
BR0442245R46227,C470759,BR0442245,TV CURITIBA 2,BAT,Prompt,R,,,,0.0,,2026-07-24,
BR0442246R46227,C470760,BR0442246,TV CURITIBA 2,BAT,Prompt,R,,0,,0.0,0.0,2026-07-24,
BR0075485R46230,C470741,BR0075485,TD Curitiba,FADEL,M1,R,,5,,0.0,5.0,2026-07-27,
BR0075488R46230,C470038,BR0075488,TD Curitiba,FADEL,M1,R,40.0,,,28.0,,2026-07-27,
BR0075494R46230,C470024,BR0075494,TD Curitiba,FADEL,M1,R,53.0,12,0.22641509433962265,37.099999999999994,-25.099999999999994,2026-07-27,
BR0075517R46230,C470831,BR0075517,TD Curitiba,FADEL,M1,R,,6,,0.0,6.0,2026-07-27,
BR0075564R46230,C470740,BR0075564,TD Curitiba,FADEL,M1,R,37.0,,,25.9,,2026-07-27,
BR0075595R46230,C470912,BR0075595,TD Curitiba,FADEL,M1,R,,,,0.0,,2026-07-27,
BR0075598R46230,C470749,BR0075598,TD Curitiba,FADEL,M1,R,,,,0.0,,2026-07-27,
BR0075727R46230,C470905,BR0075727,TD Curitiba,FADEL,M1,R,36.0,,,25.2,,2026-07-27,
BR0075816R46230,C470744,BR0075816,TD Curitiba,FADEL,M1A,R,,,,0.0,,2026-07-27,
BR0075950R46230,C470901,BR0075950,TD Curitiba,FADEL,M1A,R,,0,,0.0,0.0,2026-07-27,
BR0219554R46230,C470025,BR0219554,TD Curitiba,FADEL,M1,R,,,,0.0,,2026-07-27,
BR0219562R46230,C470026,BR0219562,TD Curitiba,FADEL,M1,R,,,,0.0,,2026-07-27,
BR0075813R46230,C470750,BR0075813,TD Curitiba,FADEL,M1,R,,,,0.0,,2026-07-27,
BR0219544R46230,C470003,BR0219544,TD Curitiba,FADEL,M1,R,,,,0.0,,2026-07-27,
BR0219545R46230,C470010,BR0219545,TD Curitiba,FADEL,M1,R,,,,0.0,,2026-07-27,
BR0219549R46230,C470021,BR0219549,TD Curitiba,FADEL,M1,R,,,,0.0,,2026-07-27,
BR0075703R46230,C470742,BR0075703,TD Curitiba,FADEL,M1,R,,,,0.0,,2026-07-27,
BR0075865R46230,C470745,BR0075865,TD Curitiba,FADEL,M1,R,,,,0.0,,2026-07-27,
BR0075849R46230,C470900,BR0075849,TD Curitiba,FADEL,M1,R,,,,0.0,,2026-07-27,
BR0075512R46230,C470902,BR0075512,TD Curitiba,FADEL,M1,R,,,,0.0,,2026-07-27,
BR0075841R46230,C470743,BR0075841,TD Curitiba,FADEL,M1,R,,,,0.0,,2026-07-27,
BR0075785R46230,C470904,BR0075785,TD Curitiba,FADEL,M1,R,,,,0.0,,2026-07-27,
BR0075542R46230,C470868,BR0075542,TD Curitiba,FADEL,M1,R,,,,0.0,,2026-07-27,
BR0422998R46230,C470027,BR0422998,TD Curitiba,FADEL,M1,R,,,,0.0,,2026-07-27,
BR0422999R46230,C470028,BR0422999,TD Curitiba,FADEL,M1,R,,,,0.0,,2026-07-27,
BR0423000R46230,C470033,BR0423000,TD Curitiba,FADEL,M1,R,,,,0.0,,2026-07-27,
BR0423001R46230,C470101,BR0423001,TD Curitiba,FADEL,M1,R,,,,0.0,,2026-07-27,
BR0423002R46230,C470102,BR0423002,TD Curitiba,FADEL,M1,R,,,,0.0,,2026-07-27,
BR0075882R46230,C470870,BR0075882,TD Curitiba,FADEL,M1,R,,,,0.0,,2026-07-27,
BR0219552R46230,C470023,BR0219552,TD Curitiba,FADEL,M1,R,,,,0.0,,2026-07-27,
BR0219546R46230,C470014,BR0219546,TD Curitiba,FADEL,M1,R,,,,0.0,,2026-07-27,
BR0219599R46230,C470808,BR0219599,TD Curitiba,FADEL,M1,R,,,,0.0,,2026-07-27,
BR0219600R46230,C470809,BR0219600,TD Curitiba,FADEL,M1,R,34.0,29,0.8529411764705882,23.799999999999997,5.200000000000003,2026-07-27,
BR0219601R46230,C470810,BR0219601,TD Curitiba,FADEL,M1,R,,,,0.0,,2026-07-27,
BR0219603R46230,C470823,BR0219603,TD Curitiba,FADEL,M1,R,13.0,,,9.1,,2026-07-27,
BR0219605R46230,C470824,BR0219605,TD Curitiba,FADEL,M1,R,45.0,0,0.0,31.499999999999996,-31.499999999999996,2026-07-27,
BR0219606R46230,C470825,BR0219606,TD Curitiba,FADEL,M1,R,35.0,1,0.02857142857142857,24.5,-23.5,2026-07-27,
BR0219609R46230,C470827,BR0219609,TD Curitiba,FADEL,M1,R,,,,0.0,,2026-07-27,
BR0219610R46230,C470828,BR0219610,TD Curitiba,FADEL,M1,R,,,,0.0,,2026-07-27,
BR0075562R46230,C470022,BR0075562,TD Curitiba,FADEL,M1,R,,,,0.0,,2026-07-27,
BR0075684R46230,C470739,BR0075684,TD Curitiba,FADEL,M1,R,,,,0.0,,2026-07-27,
BR0075652R46230,C470751,BR0075652,TD Curitiba,FADEL,M1,R,,,,0.0,,2026-07-27,
BR0219608R46230,C470826,BR0219608,TD Curitiba,FADEL,M1,R,,,,0.0,,2026-07-27,
BR0075807R46230,C470747,BR0075807,TD Curitiba,FADEL,M1,R,,,,0.0,,2026-07-27,
BR0075798R46230,C470748,BR0075798,TD Curitiba,FADEL,M1,R,,,,0.0,,2026-07-27,
BR0075774R46230,C470752,BR0075774,TD Curitiba,FADEL,M1,R,,,,0.0,,2026-07-27,
BR0075712R46230,C470844,BR0075712,TD Curitiba,FADEL,M1,R,,,,0.0,,2026-07-27,
BR0075595R46230,C470912,BR0075595,TD Curitiba,FADEL,M1,R,,,,0.0,,2026-07-27,
BR0075783R46230,C470867,BR0075783,TD Curitiba,FADEL,M1,R,,,,0.0,,2026-07-27,
BR0075507R46230,C470866,BR0075507,TD Curitiba,FADEL,Grocery,R,,,,0.0,,2026-07-27,
BR0075522R46230,C470906,BR0075522,TD Curitiba,FADEL,Grocery,R,,,,0.0,,2026-07-27,
BR0075549R46230,C470911,BR0075549,TD Curitiba,FADEL,Grocery,R,,0,,0.0,0.0,2026-07-27,
BR0075781R46230,C470903,BR0075781,TD Curitiba,FADEL,Grocery,R,10.0,,,7.0,,2026-07-27,
BR0075802R46230,C470746,BR0075802,TD Curitiba,FADEL,Grocery,R,,,,0.0,,2026-07-27,
BR0442251R46230,C470801,BR0442251,TV CURITIBA 1,BAT,Prompt,R,,,,0.0,,2026-07-27,
BR0442252R46230,C470802,BR0442252,TV CURITIBA 1,BAT,Prompt,R,,,,0.0,,2026-07-27,
BR0442186R46230,C470924,BR0442186,TV CASCAVEL,BAT,Prompt,R,,0,,0.0,0.0,2026-07-27,
BR0442230R46230,C470907,BR0442230,TV CASCAVEL,BAT,Prompt,R,,,,0.0,,2026-07-27,
BR0442231R46230,C470908,BR0442231,TV CASCAVEL,BAT,Prompt,R,,,,0.0,,2026-07-27,
BR0442185R46230,C470923,BR0442185,TV CASCAVEL,BAT,Prompt,R,,,,0.0,,2026-07-27,
BR0442702R46230,C470803,BR0442702,TV CASCAVEL,BAT,Prompt,R,,,,0.0,,2026-07-27,
BR0347315R46230,C470841,BR0347315,TV CURITIBA 2,BAT,Prompt,R,,,,0.0,,2026-07-27,
BR0347316R46230,C470842,BR0347316,TV CURITIBA 2,BAT,Prompt,R,,,,0.0,,2026-07-27,
BR0442236R46230,C470976,BR0442236,TV CURITIBA 2,BAT,Prompt,R,,,,0.0,,2026-07-27,
BR0442237R46230,C470980,BR0442237,TV CURITIBA 2,BAT,Prompt,R,,,,0.0,,2026-07-27,
BR0442243R46230,C470999,BR0442243,TV CURITIBA 2,BAT,Prompt,R,,,,0.0,,2026-07-27,
BR0442232R46230,C470909,BR0442232,TV CURITIBA 2,BAT,Prompt,R,,,,0.0,,2026-07-27,
BR0442240R46230,C470977,BR0442240,TV CURITIBA 2,BAT,Prompt,R,,0,,0.0,0.0,2026-07-27,
BR0442242R46230,C470958,BR0442242,TV CURITIBA 2,BAT,Prompt,R,,,,0.0,,2026-07-27,
BR0442233R46230,C470910,BR0442233,TV CURITIBA 2,BAT,Prompt,R,,,,0.0,,2026-07-27,
BR0442234R46230,C470915,BR0442234,TV CURITIBA 2,BAT,Prompt,R,,0,,0.0,0.0,2026-07-27,
BR0442235R46230,C470920,BR0442235,TV CURITIBA 2,BAT,Prompt,R,,,,0.0,,2026-07-27,
BR0442245R46230,C470759,BR0442245,TV CURITIBA 2,BAT,Prompt,R,,0,,0.0,0.0,2026-07-27,
BR0442246R46230,C470760,BR0442246,TV CURITIBA 2,BAT,Prompt,R,,0,,0.0,0.0,2026-07-27,
BR0075485R46231,C470741,BR0075485,TD Curitiba,FADEL,M1,R,31.0,,,21.7,,2026-07-28,
BR0075488R46231,C470038,BR0075488,TD Curitiba,FADEL,M1,R,71.0,35,0.49295774647887325,49.699999999999996,-14.699999999999996,2026-07-28,
BR0075494R46231,C470024,BR0075494,TD Curitiba,FADEL,M1,R,57.0,0,0.0,39.9,-39.9,2026-07-28,
BR0075517R46231,C470831,BR0075517,TD Curitiba,FADEL,M1,R,8.0,6,0.75,5.6,0.40000000000000036,2026-07-28,
BR0075564R46231,C470740,BR0075564,TD Curitiba,FADEL,M1,R,41.0,,,28.7,,2026-07-28,
BR0075595R46231,C470912,BR0075595,TD Curitiba,FADEL,M1,R,,,,0.0,,2026-07-28,
BR0075598R46231,C470749,BR0075598,TD Curitiba,FADEL,M1,R,6.0,,,4.199999999999999,,2026-07-28,
BR0075727R46231,C470905,BR0075727,TD Curitiba,FADEL,M1,R,40.0,,,28.0,,2026-07-28,
BR0075816R46231,C470744,BR0075816,TD Curitiba,FADEL,M1A,R,,,,0.0,,2026-07-28,
BR0075950R46231,C470901,BR0075950,TD Curitiba,FADEL,M1A,R,16.0,0,0.0,11.2,-11.2,2026-07-28,
BR0219554R46231,C470025,BR0219554,TD Curitiba,FADEL,M1,R,,,,0.0,,2026-07-28,
BR0219562R46231,C470026,BR0219562,TD Curitiba,FADEL,M1,R,,,,0.0,,2026-07-28,
BR0075813R46231,C470750,BR0075813,TD Curitiba,FADEL,M1,R,,,,0.0,,2026-07-28,
BR0219544R46231,C470003,BR0219544,TD Curitiba,FADEL,M1,R,,,,0.0,,2026-07-28,
BR0219545R46231,C470010,BR0219545,TD Curitiba,FADEL,M1,R,,,,0.0,,2026-07-28,
BR0219549R46231,C470021,BR0219549,TD Curitiba,FADEL,M1,R,,,,0.0,,2026-07-28,
BR0075703R46231,C470742,BR0075703,TD Curitiba,FADEL,M1,R,,,,0.0,,2026-07-28,
BR0075865R46231,C470745,BR0075865,TD Curitiba,FADEL,M1,R,,,,0.0,,2026-07-28,
BR0075849R46231,C470900,BR0075849,TD Curitiba,FADEL,M1,R,,,,0.0,,2026-07-28,
BR0075512R46231,C470902,BR0075512,TD Curitiba,FADEL,M1,R,,,,0.0,,2026-07-28,
BR0075841R46231,C470743,BR0075841,TD Curitiba,FADEL,M1,R,,,,0.0,,2026-07-28,
BR0075785R46231,C470904,BR0075785,TD Curitiba,FADEL,M1,R,,,,0.0,,2026-07-28,
BR0075542R46231,C470868,BR0075542,TD Curitiba,FADEL,M1,R,,,,0.0,,2026-07-28,
BR0422998R46231,C470027,BR0422998,TD Curitiba,FADEL,M1,R,,,,0.0,,2026-07-28,
BR0422999R46231,C470028,BR0422999,TD Curitiba,FADEL,M1,R,,,,0.0,,2026-07-28,
BR0423000R46231,C470033,BR0423000,TD Curitiba,FADEL,M1,R,,,,0.0,,2026-07-28,
BR0423001R46231,C470101,BR0423001,TD Curitiba,FADEL,M1,R,,,,0.0,,2026-07-28,
BR0423002R46231,C470102,BR0423002,TD Curitiba,FADEL,M1,R,,,,0.0,,2026-07-28,
BR0075882R46231,C470870,BR0075882,TD Curitiba,FADEL,M1,R,,,,0.0,,2026-07-28,
BR0219552R46231,C470023,BR0219552,TD Curitiba,FADEL,M1,R,,,,0.0,,2026-07-28,
BR0219546R46231,C470014,BR0219546,TD Curitiba,FADEL,M1,R,,,,0.0,,2026-07-28,
BR0219599R46231,C470808,BR0219599,TD Curitiba,FADEL,M1,R,37.0,,,25.9,,2026-07-28,
BR0219600R46231,C470809,BR0219600,TD Curitiba,FADEL,M1,R,30.0,29,0.9666666666666667,21.0,8.0,2026-07-28,
BR0219601R46231,C470810,BR0219601,TD Curitiba,FADEL,M1,R,33.0,,,23.099999999999998,,2026-07-28,
BR0219603R46231,C470823,BR0219603,TD Curitiba,FADEL,M1,R,33.0,,,23.099999999999998,,2026-07-28,
BR0219605R46231,C470824,BR0219605,TD Curitiba,FADEL,M1,R,27.0,0,0.0,18.9,-18.9,2026-07-28,
BR0219606R46231,C470825,BR0219606,TD Curitiba,FADEL,M1,R,37.0,1,0.02702702702702703,25.9,-24.9,2026-07-28,
BR0219609R46231,C470827,BR0219609,TD Curitiba,FADEL,M1,R,,,,0.0,,2026-07-28,
BR0219610R46231,C470828,BR0219610,TD Curitiba,FADEL,M1,R,,,,0.0,,2026-07-28,
BR0075562R46231,C470022,BR0075562,TD Curitiba,FADEL,M1,R,,,,0.0,,2026-07-28,
BR0075684R46231,C470739,BR0075684,TD Curitiba,FADEL,M1,R,,,,0.0,,2026-07-28,
BR0075652R46231,C470751,BR0075652,TD Curitiba,FADEL,M1,R,,,,0.0,,2026-07-28,
BR0219608R46231,C470826,BR0219608,TD Curitiba,FADEL,M1,R,,,,0.0,,2026-07-28,
BR0075807R46231,C470747,BR0075807,TD Curitiba,FADEL,M1,R,,,,0.0,,2026-07-28,
BR0075798R46231,C470748,BR0075798,TD Curitiba,FADEL,M1,R,,,,0.0,,2026-07-28,
BR0075774R46231,C470752,BR0075774,TD Curitiba,FADEL,M1,R,,,,0.0,,2026-07-28,
BR0075712R46231,C470844,BR0075712,TD Curitiba,FADEL,M1,R,,,,0.0,,2026-07-28,
BR0075595R46231,C470912,BR0075595,TD Curitiba,FADEL,M1,R,,,,0.0,,2026-07-28,
BR0075783R46231,C470867,BR0075783,TD Curitiba,FADEL,M1,R,,,,0.0,,2026-07-28,
BR0075507R46231,C470866,BR0075507,TD Curitiba,FADEL,Grocery,R,,,,0.0,,2026-07-28,
BR0075522R46231,C470906,BR0075522,TD Curitiba,FADEL,Grocery,R,53.0,,,37.099999999999994,,2026-07-28,
BR0075549R46231,C470911,BR0075549,TD Curitiba,FADEL,Grocery,R,13.0,0,0.0,9.1,-9.1,2026-07-28,
BR0075781R46231,C470903,BR0075781,TD Curitiba,FADEL,Grocery,R,50.0,,,35.0,,2026-07-28,
BR0075802R46231,C470746,BR0075802,TD Curitiba,FADEL,Grocery,R,7.0,,,4.8999999999999995,,2026-07-28,
BR0442251R46231,C470801,BR0442251,TV CURITIBA 1,BAT,Prompt,R,,,,0.0,,2026-07-28,
BR0442252R46231,C470802,BR0442252,TV CURITIBA 1,BAT,Prompt,R,,,,0.0,,2026-07-28,
BR0442186R46231,C470924,BR0442186,TV CASCAVEL,BAT,Prompt,R,,0,,0.0,0.0,2026-07-28,
BR0442230R46231,C470907,BR0442230,TV CASCAVEL,BAT,Prompt,R,,,,0.0,,2026-07-28,
BR0442231R46231,C470908,BR0442231,TV CASCAVEL,BAT,Prompt,R,,,,0.0,,2026-07-28,
BR0442185R46231,C470923,BR0442185,TV CASCAVEL,BAT,Prompt,R,,,,0.0,,2026-07-28,
BR0442702R46231,C470803,BR0442702,TV CASCAVEL,BAT,Prompt,R,,,,0.0,,2026-07-28,
BR0347315R46231,C470841,BR0347315,TV CURITIBA 2,BAT,Prompt,R,,,,0.0,,2026-07-28,
BR0347316R46231,C470842,BR0347316,TV CURITIBA 2,BAT,Prompt,R,,,,0.0,,2026-07-28,
BR0442236R46231,C470976,BR0442236,TV CURITIBA 2,BAT,Prompt,R,,,,0.0,,2026-07-28,
BR0442237R46231,C470980,BR0442237,TV CURITIBA 2,BAT,Prompt,R,,,,0.0,,2026-07-28,
BR0442243R46231,C470999,BR0442243,TV CURITIBA 2,BAT,Prompt,R,,,,0.0,,2026-07-28,
BR0442232R46231,C470909,BR0442232,TV CURITIBA 2,BAT,Prompt,R,,,,0.0,,2026-07-28,
BR0442240R46231,C470977,BR0442240,TV CURITIBA 2,BAT,Prompt,R,,0,,0.0,0.0,2026-07-28,
BR0442242R46231,C470958,BR0442242,TV CURITIBA 2,BAT,Prompt,R,,,,0.0,,2026-07-28,
BR0442233R46231,C470910,BR0442233,TV CURITIBA 2,BAT,Prompt,R,,,,0.0,,2026-07-28,
BR0442234R46231,C470915,BR0442234,TV CURITIBA 2,BAT,Prompt,R,,0,,0.0,0.0,2026-07-28,
BR0442235R46231,C470920,BR0442235,TV CURITIBA 2,BAT,Prompt,R,,,,0.0,,2026-07-28,
BR0442245R46231,C470759,BR0442245,TV CURITIBA 2,BAT,Prompt,R,,0,,0.0,0.0,2026-07-28,
BR0442246R46231,C470760,BR0442246,TV CURITIBA 2,BAT,Prompt,R,,0,,0.0,0.0,2026-07-28,
BR0075485R46232,C470741,BR0075485,TD Curitiba,FADEL,M1,R,35.0,,,24.5,,2026-07-29,
BR0075488R46232,C470038,BR0075488,TD Curitiba,FADEL,M1,R,48.0,61,1.2708333333333333,33.599999999999994,27.400000000000006,2026-07-29,
BR0075494R46232,C470024,BR0075494,TD Curitiba,FADEL,M1,R,64.0,2,0.03125,44.8,-42.8,2026-07-29,
BR0075517R46232,C470831,BR0075517,TD Curitiba,FADEL,M1,R,16.0,9,0.5625,11.2,-2.1999999999999993,2026-07-29,
BR0075564R46232,C470740,BR0075564,TD Curitiba,FADEL,M1,R,38.0,,,26.599999999999998,,2026-07-29,
BR0075595R46232,C470912,BR0075595,TD Curitiba,FADEL,M1,R,,,,0.0,,2026-07-29,
BR0075598R46232,C470749,BR0075598,TD Curitiba,FADEL,M1,R,30.0,16,0.5333333333333333,21.0,-5.0,2026-07-29,
BR0075727R46232,C470905,BR0075727,TD Curitiba,FADEL,M1,R,48.0,,,33.599999999999994,,2026-07-29,
BR0075816R46232,C470744,BR0075816,TD Curitiba,FADEL,M1A,R,,,,0.0,,2026-07-29,
BR0075950R46232,C470901,BR0075950,TD Curitiba,FADEL,M1A,R,9.0,11,1.2222222222222223,6.3,4.7,2026-07-29,
BR0219554R46232,C470025,BR0219554,TD Curitiba,FADEL,M1,R,,,,0.0,,2026-07-29,
BR0219562R46232,C470026,BR0219562,TD Curitiba,FADEL,M1,R,,,,0.0,,2026-07-29,
BR0075813R46232,C470750,BR0075813,TD Curitiba,FADEL,M1,R,,,,0.0,,2026-07-29,
BR0219544R46232,C470003,BR0219544,TD Curitiba,FADEL,M1,R,,,,0.0,,2026-07-29,
BR0219545R46232,C470010,BR0219545,TD Curitiba,FADEL,M1,R,,,,0.0,,2026-07-29,
BR0219549R46232,C470021,BR0219549,TD Curitiba,FADEL,M1,R,,,,0.0,,2026-07-29,
BR0075703R46232,C470742,BR0075703,TD Curitiba,FADEL,M1,R,,,,0.0,,2026-07-29,
BR0075865R46232,C470745,BR0075865,TD Curitiba,FADEL,M1,R,,,,0.0,,2026-07-29,
BR0075849R46232,C470900,BR0075849,TD Curitiba,FADEL,M1,R,,,,0.0,,2026-07-29,
BR0075512R46232,C470902,BR0075512,TD Curitiba,FADEL,M1,R,,,,0.0,,2026-07-29,
BR0075841R46232,C470743,BR0075841,TD Curitiba,FADEL,M1,R,,,,0.0,,2026-07-29,
BR0075785R46232,C470904,BR0075785,TD Curitiba,FADEL,M1,R,,,,0.0,,2026-07-29,
BR0075542R46232,C470868,BR0075542,TD Curitiba,FADEL,M1,R,,,,0.0,,2026-07-29,
BR0422998R46232,C470027,BR0422998,TD Curitiba,FADEL,M1,R,,,,0.0,,2026-07-29,
BR0422999R46232,C470028,BR0422999,TD Curitiba,FADEL,M1,R,,,,0.0,,2026-07-29,
BR0423000R46232,C470033,BR0423000,TD Curitiba,FADEL,M1,R,,,,0.0,,2026-07-29,
BR0423001R46232,C470101,BR0423001,TD Curitiba,FADEL,M1,R,,,,0.0,,2026-07-29,
BR0423002R46232,C470102,BR0423002,TD Curitiba,FADEL,M1,R,,,,0.0,,2026-07-29,
BR0075882R46232,C470870,BR0075882,TD Curitiba,FADEL,M1,R,,,,0.0,,2026-07-29,
BR0219552R46232,C470023,BR0219552,TD Curitiba,FADEL,M1,R,,,,0.0,,2026-07-29,
BR0219546R46232,C470014,BR0219546,TD Curitiba,FADEL,M1,R,,,,0.0,,2026-07-29,
BR0219599R46232,C470808,BR0219599,TD Curitiba,FADEL,M1,R,11.0,,,7.699999999999999,,2026-07-29,
BR0219600R46232,C470809,BR0219600,TD Curitiba,FADEL,M1,R,,,,0.0,,2026-07-29,
BR0219601R46232,C470810,BR0219601,TD Curitiba,FADEL,M1,R,11.0,,,7.699999999999999,,2026-07-29,
BR0219603R46232,C470823,BR0219603,TD Curitiba,FADEL,M1,R,23.0,,,16.099999999999998,,2026-07-29,
BR0219605R46232,C470824,BR0219605,TD Curitiba,FADEL,M1,R,31.0,0,0.0,21.7,-21.7,2026-07-29,
BR0219606R46232,C470825,BR0219606,TD Curitiba,FADEL,M1,R,33.0,7,0.21212121212121213,23.099999999999998,-16.099999999999998,2026-07-29,
BR0219609R46232,C470827,BR0219609,TD Curitiba,FADEL,M1,R,,,,0.0,,2026-07-29,
BR0219610R46232,C470828,BR0219610,TD Curitiba,FADEL,M1,R,,,,0.0,,2026-07-29,
BR0075562R46232,C470022,BR0075562,TD Curitiba,FADEL,M1,R,,,,0.0,,2026-07-29,
BR0075684R46232,C470739,BR0075684,TD Curitiba,FADEL,M1,R,,,,0.0,,2026-07-29,
BR0075652R46232,C470751,BR0075652,TD Curitiba,FADEL,M1,R,,,,0.0,,2026-07-29,
BR0219608R46232,C470826,BR0219608,TD Curitiba,FADEL,M1,R,,,,0.0,,2026-07-29,
BR0075807R46232,C470747,BR0075807,TD Curitiba,FADEL,M1,R,,,,0.0,,2026-07-29,
BR0075798R46232,C470748,BR0075798,TD Curitiba,FADEL,M1,R,,,,0.0,,2026-07-29,
BR0075774R46232,C470752,BR0075774,TD Curitiba,FADEL,M1,R,,,,0.0,,2026-07-29,
BR0075712R46232,C470844,BR0075712,TD Curitiba,FADEL,M1,R,,,,0.0,,2026-07-29,
BR0075595R46232,C470912,BR0075595,TD Curitiba,FADEL,M1,R,,,,0.0,,2026-07-29,
BR0075783R46232,C470867,BR0075783,TD Curitiba,FADEL,M1,R,,,,0.0,,2026-07-29,
BR0075507R46232,C470866,BR0075507,TD Curitiba,FADEL,Grocery,R,,,,0.0,,2026-07-29,
BR0075522R46232,C470906,BR0075522,TD Curitiba,FADEL,Grocery,R,10.0,,,7.0,,2026-07-29,
BR0075549R46232,C470911,BR0075549,TD Curitiba,FADEL,Grocery,R,18.0,2,0.1111111111111111,12.6,-10.6,2026-07-29,
BR0075781R46232,C470903,BR0075781,TD Curitiba,FADEL,Grocery,R,38.0,,,26.599999999999998,,2026-07-29,
BR0075802R46232,C470746,BR0075802,TD Curitiba,FADEL,Grocery,R,8.0,,,5.6,,2026-07-29,
BR0442251R46232,C470801,BR0442251,TV CURITIBA 1,BAT,Prompt,R,,,,0.0,,2026-07-29,
BR0442252R46232,C470802,BR0442252,TV CURITIBA 1,BAT,Prompt,R,89.0,,,62.3,,2026-07-29,
BR0442186R46232,C470924,BR0442186,TV CASCAVEL,BAT,Prompt,R,,,,0.0,,2026-07-29,
BR0442230R46232,C470907,BR0442230,TV CASCAVEL,BAT,Prompt,R,,,,0.0,,2026-07-29,
BR0442231R46232,C470908,BR0442231,TV CASCAVEL,BAT,Prompt,R,,,,0.0,,2026-07-29,
BR0442185R46232,C470923,BR0442185,TV CASCAVEL,BAT,Prompt,R,,0,,0.0,0.0,2026-07-29,
BR0442702R46232,C470803,BR0442702,TV CASCAVEL,BAT,Prompt,R,,,,0.0,,2026-07-29,
BR0347315R46232,C470841,BR0347315,TV CURITIBA 2,BAT,Prompt,R,,,,0.0,,2026-07-29,
BR0347316R46232,C470842,BR0347316,TV CURITIBA 2,BAT,Prompt,R,,,,0.0,,2026-07-29,
BR0442236R46232,C470976,BR0442236,TV CURITIBA 2,BAT,Prompt,R,,0,,0.0,0.0,2026-07-29,
BR0442237R46232,C470980,BR0442237,TV CURITIBA 2,BAT,Prompt,R,,0,,0.0,0.0,2026-07-29,
BR0442243R46232,C470999,BR0442243,TV CURITIBA 2,BAT,Prompt,R,,0,,0.0,0.0,2026-07-29,
BR0442232R46232,C470909,BR0442232,TV CURITIBA 2,BAT,Prompt,R,3.0,,,2.0999999999999996,,2026-07-29,
BR0442240R46232,C470977,BR0442240,TV CURITIBA 2,BAT,Prompt,R,,,,0.0,,2026-07-29,
BR0442242R46232,C470958,BR0442242,TV CURITIBA 2,BAT,Prompt,R,,,,0.0,,2026-07-29,
BR0442233R46232,C470910,BR0442233,TV CURITIBA 2,BAT,Prompt,R,,0,,0.0,0.0,2026-07-29,
BR0442234R46232,C470915,BR0442234,TV CURITIBA 2,BAT,Prompt,R,,0,,0.0,0.0,2026-07-29,
BR0442235R46232,C470920,BR0442235,TV CURITIBA 2,BAT,Prompt,R,,0,,0.0,0.0,2026-07-29,
BR0442245R46232,C470759,BR0442245,TV CURITIBA 2,BAT,Prompt,R,,0,,0.0,0.0,2026-07-29,
BR0442246R46232,C470760,BR0442246,TV CURITIBA 2,BAT,Prompt,R,,0,,0.0,0.0,2026-07-29,
BR0075485R46233,C470741,BR0075485,TD Curitiba,FADEL,M1,R,20.0,,,14.0,,2026-07-30,
BR0075488R46233,C470038,BR0075488,TD Curitiba,FADEL,M1,R,29.0,61,2.103448275862069,20.299999999999997,40.7,2026-07-30,
BR0075494R46233,C470024,BR0075494,TD Curitiba,FADEL,M1,R,36.0,2,0.05555555555555555,25.2,-23.2,2026-07-30,
BR0075517R46233,C470831,BR0075517,TD Curitiba,FADEL,M1,R,15.0,9,0.6,10.5,-1.5,2026-07-30,
BR0075564R46233,C470740,BR0075564,TD Curitiba,FADEL,M1,R,25.0,,,17.5,,2026-07-30,
BR0075595R46233,C470912,BR0075595,TD Curitiba,FADEL,M1,R,,,,0.0,,2026-07-30,
BR0075598R46233,C470749,BR0075598,TD Curitiba,FADEL,M1,R,6.0,16,2.6666666666666665,4.199999999999999,11.8,2026-07-30,
BR0075727R46233,C470905,BR0075727,TD Curitiba,FADEL,M1,R,26.0,,,18.2,,2026-07-30,
BR0075816R46233,C470744,BR0075816,TD Curitiba,FADEL,M1A,R,,,,0.0,,2026-07-30,
BR0075950R46233,C470901,BR0075950,TD Curitiba,FADEL,M1A,R,35.0,11,0.3142857142857143,24.5,-13.5,2026-07-30,
BR0219554R46233,C470025,BR0219554,TD Curitiba,FADEL,M1,R,,,,0.0,,2026-07-30,
BR0219562R46233,C470026,BR0219562,TD Curitiba,FADEL,M1,R,,,,0.0,,2026-07-30,
BR0075813R46233,C470750,BR0075813,TD Curitiba,FADEL,M1,R,,,,0.0,,2026-07-30,
BR0219544R46233,C470003,BR0219544,TD Curitiba,FADEL,M1,R,,,,0.0,,2026-07-30,
BR0219545R46233,C470010,BR0219545,TD Curitiba,FADEL,M1,R,,,,0.0,,2026-07-30,
BR0219549R46233,C470021,BR0219549,TD Curitiba,FADEL,M1,R,,,,0.0,,2026-07-30,
BR0075703R46233,C470742,BR0075703,TD Curitiba,FADEL,M1,R,,,,0.0,,2026-07-30,
BR0075865R46233,C470745,BR0075865,TD Curitiba,FADEL,M1,R,,,,0.0,,2026-07-30,
BR0075849R46233,C470900,BR0075849,TD Curitiba,FADEL,M1,R,,,,0.0,,2026-07-30,
BR0075512R46233,C470902,BR0075512,TD Curitiba,FADEL,M1,R,,,,0.0,,2026-07-30,
BR0075841R46233,C470743,BR0075841,TD Curitiba,FADEL,M1,R,,,,0.0,,2026-07-30,
BR0075785R46233,C470904,BR0075785,TD Curitiba,FADEL,M1,R,,,,0.0,,2026-07-30,
BR0075542R46233,C470868,BR0075542,TD Curitiba,FADEL,M1,R,,,,0.0,,2026-07-30,
BR0422998R46233,C470027,BR0422998,TD Curitiba,FADEL,M1,R,,,,0.0,,2026-07-30,
BR0422999R46233,C470028,BR0422999,TD Curitiba,FADEL,M1,R,,,,0.0,,2026-07-30,
BR0423000R46233,C470033,BR0423000,TD Curitiba,FADEL,M1,R,,,,0.0,,2026-07-30,
BR0423001R46233,C470101,BR0423001,TD Curitiba,FADEL,M1,R,,,,0.0,,2026-07-30,
BR0423002R46233,C470102,BR0423002,TD Curitiba,FADEL,M1,R,,,,0.0,,2026-07-30,
BR0075882R46233,C470870,BR0075882,TD Curitiba,FADEL,M1,R,,,,0.0,,2026-07-30,
BR0219552R46233,C470023,BR0219552,TD Curitiba,FADEL,M1,R,,,,0.0,,2026-07-30,
BR0219546R46233,C470014,BR0219546,TD Curitiba,FADEL,M1,R,,,,0.0,,2026-07-30,
BR0219599R46233,C470808,BR0219599,TD Curitiba,FADEL,M1,R,,,,0.0,,2026-07-30,
BR0219600R46233,C470809,BR0219600,TD Curitiba,FADEL,M1,R,12.0,,,8.399999999999999,,2026-07-30,
BR0219601R46233,C470810,BR0219601,TD Curitiba,FADEL,M1,R,35.0,,,24.5,,2026-07-30,
BR0219603R46233,C470823,BR0219603,TD Curitiba,FADEL,M1,R,16.0,,,11.2,,2026-07-30,
BR0219605R46233,C470824,BR0219605,TD Curitiba,FADEL,M1,R,41.0,0,0.0,28.7,-28.7,2026-07-30,
BR0219606R46233,C470825,BR0219606,TD Curitiba,FADEL,M1,R,31.0,7,0.22580645161290322,21.7,-14.7,2026-07-30,
BR0219609R46233,C470827,BR0219609,TD Curitiba,FADEL,M1,R,,,,0.0,,2026-07-30,
BR0219610R46233,C470828,BR0219610,TD Curitiba,FADEL,M1,R,,,,0.0,,2026-07-30,
BR0075562R46233,C470022,BR0075562,TD Curitiba,FADEL,M1,R,,,,0.0,,2026-07-30,
BR0075684R46233,C470739,BR0075684,TD Curitiba,FADEL,M1,R,,,,0.0,,2026-07-30,
BR0075652R46233,C470751,BR0075652,TD Curitiba,FADEL,M1,R,,,,0.0,,2026-07-30,
BR0219608R46233,C470826,BR0219608,TD Curitiba,FADEL,M1,R,,,,0.0,,2026-07-30,
BR0075807R46233,C470747,BR0075807,TD Curitiba,FADEL,M1,R,,,,0.0,,2026-07-30,
BR0075798R46233,C470748,BR0075798,TD Curitiba,FADEL,M1,R,,,,0.0,,2026-07-30,
BR0075774R46233,C470752,BR0075774,TD Curitiba,FADEL,M1,R,,,,0.0,,2026-07-30,
BR0075712R46233,C470844,BR0075712,TD Curitiba,FADEL,M1,R,,,,0.0,,2026-07-30,
BR0075595R46233,C470912,BR0075595,TD Curitiba,FADEL,M1,R,,,,0.0,,2026-07-30,
BR0075783R46233,C470867,BR0075783,TD Curitiba,FADEL,M1,R,,,,0.0,,2026-07-30,
BR0075507R46233,C470866,BR0075507,TD Curitiba,FADEL,Grocery,R,,,,0.0,,2026-07-30,
BR0075522R46233,C470906,BR0075522,TD Curitiba,FADEL,Grocery,R,8.0,,,5.6,,2026-07-30,
BR0075549R46233,C470911,BR0075549,TD Curitiba,FADEL,Grocery,R,10.0,2,0.2,7.0,-5.0,2026-07-30,
BR0075781R46233,C470903,BR0075781,TD Curitiba,FADEL,Grocery,R,1.0,,,0.7,,2026-07-30,
BR0075802R46233,C470746,BR0075802,TD Curitiba,FADEL,Grocery,R,,,,0.0,,2026-07-30,
BR0442251R46233,C470801,BR0442251,TV CURITIBA 1,BAT,Prompt,R,,,,0.0,,2026-07-30,
BR0442252R46233,C470802,BR0442252,TV CURITIBA 1,BAT,Prompt,R,,,,0.0,,2026-07-30,
BR0442186R46233,C470924,BR0442186,TV CASCAVEL,BAT,Prompt,R,,,,0.0,,2026-07-30,
BR0442230R46233,C470907,BR0442230,TV CASCAVEL,BAT,Prompt,R,,,,0.0,,2026-07-30,
BR0442231R46233,C470908,BR0442231,TV CASCAVEL,BAT,Prompt,R,,,,0.0,,2026-07-30,
BR0442185R46233,C470923,BR0442185,TV CASCAVEL,BAT,Prompt,R,,0,,0.0,0.0,2026-07-30,
BR0442702R46233,C470803,BR0442702,TV CASCAVEL,BAT,Prompt,R,,,,0.0,,2026-07-30,
BR0347315R46233,C470841,BR0347315,TV CURITIBA 2,BAT,Prompt,R,,,,0.0,,2026-07-30,
BR0347316R46233,C470842,BR0347316,TV CURITIBA 2,BAT,Prompt,R,,,,0.0,,2026-07-30,
BR0442236R46233,C470976,BR0442236,TV CURITIBA 2,BAT,Prompt,R,,0,,0.0,0.0,2026-07-30,
BR0442237R46233,C470980,BR0442237,TV CURITIBA 2,BAT,Prompt,R,,0,,0.0,0.0,2026-07-30,
BR0442243R46233,C470999,BR0442243,TV CURITIBA 2,BAT,Prompt,R,,0,,0.0,0.0,2026-07-30,
BR0442232R46233,C470909,BR0442232,TV CURITIBA 2,BAT,Prompt,R,,,,0.0,,2026-07-30,
BR0442240R46233,C470977,BR0442240,TV CURITIBA 2,BAT,Prompt,R,,,,0.0,,2026-07-30,
BR0442242R46233,C470958,BR0442242,TV CURITIBA 2,BAT,Prompt,R,,,,0.0,,2026-07-30,
BR0442233R46233,C470910,BR0442233,TV CURITIBA 2,BAT,Prompt,R,,0,,0.0,0.0,2026-07-30,
BR0442234R46233,C470915,BR0442234,TV CURITIBA 2,BAT,Prompt,R,,0,,0.0,0.0,2026-07-30,
BR0442235R46233,C470920,BR0442235,TV CURITIBA 2,BAT,Prompt,R,,0,,0.0,0.0,2026-07-30,
BR0442245R46233,C470759,BR0442245,TV CURITIBA 2,BAT,Prompt,R,,0,,0.0,0.0,2026-07-30,
BR0442246R46233,C470760,BR0442246,TV CURITIBA 2,BAT,Prompt,R,,0,,0.0,0.0,2026-07-30,
BR0075485R46234,C470741,BR0075485,TD Curitiba,FADEL,M1,R,33.0,,,23.099999999999998,,2026-07-31,
BR0075488R46234,C470038,BR0075488,TD Curitiba,FADEL,M1,R,19.0,35,1.8421052631578947,13.299999999999999,21.700000000000003,2026-07-31,
BR0075494R46234,C470024,BR0075494,TD Curitiba,FADEL,M1,R,54.0,0,0.0,37.8,-37.8,2026-07-31,
BR0075517R46234,C470831,BR0075517,TD Curitiba,FADEL,M1,R,10.0,,,7.0,,2026-07-31,
BR0075564R46234,C470740,BR0075564,TD Curitiba,FADEL,M1,R,66.0,,,46.199999999999996,,2026-07-31,
BR0075595R46234,C470912,BR0075595,TD Curitiba,FADEL,M1,R,,,,0.0,,2026-07-31,
BR0075598R46234,C470749,BR0075598,TD Curitiba,FADEL,M1,R,39.0,,,27.299999999999997,,2026-07-31,
BR0075727R46234,C470905,BR0075727,TD Curitiba,FADEL,M1,R,48.0,,,33.599999999999994,,2026-07-31,
BR0075816R46234,C470744,BR0075816,TD Curitiba,FADEL,M1A,R,,,,0.0,,2026-07-31,
BR0075950R46234,C470901,BR0075950,TD Curitiba,FADEL,M1A,R,,,,0.0,,2026-07-31,
BR0219554R46234,C470025,BR0219554,TD Curitiba,FADEL,M1,R,,,,0.0,,2026-07-31,
BR0219562R46234,C470026,BR0219562,TD Curitiba,FADEL,M1,R,,,,0.0,,2026-07-31,
BR0075813R46234,C470750,BR0075813,TD Curitiba,FADEL,M1,R,,,,0.0,,2026-07-31,
BR0219544R46234,C470003,BR0219544,TD Curitiba,FADEL,M1,R,,,,0.0,,2026-07-31,
BR0219545R46234,C470010,BR0219545,TD Curitiba,FADEL,M1,R,,,,0.0,,2026-07-31,
BR0219549R46234,C470021,BR0219549,TD Curitiba,FADEL,M1,R,,,,0.0,,2026-07-31,
BR0075703R46234,C470742,BR0075703,TD Curitiba,FADEL,M1,R,,,,0.0,,2026-07-31,
BR0075865R46234,C470745,BR0075865,TD Curitiba,FADEL,M1,R,,,,0.0,,2026-07-31,
BR0075849R46234,C470900,BR0075849,TD Curitiba,FADEL,M1,R,,,,0.0,,2026-07-31,
BR0075512R46234,C470902,BR0075512,TD Curitiba,FADEL,M1,R,,,,0.0,,2026-07-31,
BR0075841R46234,C470743,BR0075841,TD Curitiba,FADEL,M1,R,,,,0.0,,2026-07-31,
BR0075785R46234,C470904,BR0075785,TD Curitiba,FADEL,M1,R,,,,0.0,,2026-07-31,
BR0075542R46234,C470868,BR0075542,TD Curitiba,FADEL,M1,R,,,,0.0,,2026-07-31,
BR0422998R46234,C470027,BR0422998,TD Curitiba,FADEL,M1,R,,,,0.0,,2026-07-31,
BR0422999R46234,C470028,BR0422999,TD Curitiba,FADEL,M1,R,,,,0.0,,2026-07-31,
BR0423000R46234,C470033,BR0423000,TD Curitiba,FADEL,M1,R,,,,0.0,,2026-07-31,
BR0423001R46234,C470101,BR0423001,TD Curitiba,FADEL,M1,R,,,,0.0,,2026-07-31,
BR0423002R46234,C470102,BR0423002,TD Curitiba,FADEL,M1,R,,,,0.0,,2026-07-31,
BR0075882R46234,C470870,BR0075882,TD Curitiba,FADEL,M1,R,,,,0.0,,2026-07-31,
BR0219552R46234,C470023,BR0219552,TD Curitiba,FADEL,M1,R,,,,0.0,,2026-07-31,
BR0219546R46234,C470014,BR0219546,TD Curitiba,FADEL,M1,R,,,,0.0,,2026-07-31,
BR0219599R46234,C470808,BR0219599,TD Curitiba,FADEL,M1,R,15.0,,,10.5,,2026-07-31,
BR0219600R46234,C470809,BR0219600,TD Curitiba,FADEL,M1,R,25.0,,,17.5,,2026-07-31,
BR0219601R46234,C470810,BR0219601,TD Curitiba,FADEL,M1,R,34.0,,,23.799999999999997,,2026-07-31,
BR0219603R46234,C470823,BR0219603,TD Curitiba,FADEL,M1,R,30.0,,,21.0,,2026-07-31,
BR0219605R46234,C470824,BR0219605,TD Curitiba,FADEL,M1,R,,,,0.0,,2026-07-31,
BR0219606R46234,C470825,BR0219606,TD Curitiba,FADEL,M1,R,34.0,0,0.0,23.799999999999997,-23.799999999999997,2026-07-31,
BR0219609R46234,C470827,BR0219609,TD Curitiba,FADEL,M1,R,,,,0.0,,2026-07-31,
BR0219610R46234,C470828,BR0219610,TD Curitiba,FADEL,M1,R,,,,0.0,,2026-07-31,
BR0075562R46234,C470022,BR0075562,TD Curitiba,FADEL,M1,R,,,,0.0,,2026-07-31,
BR0075684R46234,C470739,BR0075684,TD Curitiba,FADEL,M1,R,,,,0.0,,2026-07-31,
BR0075652R46234,C470751,BR0075652,TD Curitiba,FADEL,M1,R,,,,0.0,,2026-07-31,
BR0219608R46234,C470826,BR0219608,TD Curitiba,FADEL,M1,R,,,,0.0,,2026-07-31,
BR0075807R46234,C470747,BR0075807,TD Curitiba,FADEL,M1,R,,,,0.0,,2026-07-31,
BR0075798R46234,C470748,BR0075798,TD Curitiba,FADEL,M1,R,,,,0.0,,2026-07-31,
BR0075774R46234,C470752,BR0075774,TD Curitiba,FADEL,M1,R,,,,0.0,,2026-07-31,
BR0075712R46234,C470844,BR0075712,TD Curitiba,FADEL,M1,R,,,,0.0,,2026-07-31,
BR0075595R46234,C470912,BR0075595,TD Curitiba,FADEL,M1,R,,,,0.0,,2026-07-31,
BR0075783R46234,C470867,BR0075783,TD Curitiba,FADEL,M1,R,,,,0.0,,2026-07-31,
BR0075507R46234,C470866,BR0075507,TD Curitiba,FADEL,Grocery,R,,,,0.0,,2026-07-31,
BR0075522R46234,C470906,BR0075522,TD Curitiba,FADEL,Grocery,R,,,,0.0,,2026-07-31,
BR0075549R46234,C470911,BR0075549,TD Curitiba,FADEL,Grocery,R,13.0,,,9.1,,2026-07-31,
BR0075781R46234,C470903,BR0075781,TD Curitiba,FADEL,Grocery,R,,0,,0.0,0.0,2026-07-31,
BR0075802R46234,C470746,BR0075802,TD Curitiba,FADEL,Grocery,R,11.0,,,7.699999999999999,,2026-07-31,
BR0442251R46234,C470801,BR0442251,TV CURITIBA 1,BAT,Prompt,R,,,,0.0,,2026-07-31,
BR0442252R46234,C470802,BR0442252,TV CURITIBA 1,BAT,Prompt,R,,,,0.0,,2026-07-31,
BR0442186R46234,C470924,BR0442186,TV CASCAVEL,BAT,Prompt,R,,,,0.0,,2026-07-31,
BR0442230R46234,C470907,BR0442230,TV CASCAVEL,BAT,Prompt,R,,,,0.0,,2026-07-31,
BR0442231R46234,C470908,BR0442231,TV CASCAVEL,BAT,Prompt,R,,,,0.0,,2026-07-31,
BR0442185R46234,C470923,BR0442185,TV CASCAVEL,BAT,Prompt,R,,,,0.0,,2026-07-31,
BR0442702R46234,C470803,BR0442702,TV CASCAVEL,BAT,Prompt,R,,,,0.0,,2026-07-31,
BR0347315R46234,C470841,BR0347315,TV CURITIBA 2,BAT,Prompt,R,,,,0.0,,2026-07-31,
BR0347316R46234,C470842,BR0347316,TV CURITIBA 2,BAT,Prompt,R,,,,0.0,,2026-07-31,
BR0442236R46234,C470976,BR0442236,TV CURITIBA 2,BAT,Prompt,R,,,,0.0,,2026-07-31,
BR0442237R46234,C470980,BR0442237,TV CURITIBA 2,BAT,Prompt,R,,,,0.0,,2026-07-31,
BR0442243R46234,C470999,BR0442243,TV CURITIBA 2,BAT,Prompt,R,,,,0.0,,2026-07-31,
BR0442232R46234,C470909,BR0442232,TV CURITIBA 2,BAT,Prompt,R,,,,0.0,,2026-07-31,
BR0442240R46234,C470977,BR0442240,TV CURITIBA 2,BAT,Prompt,R,,,,0.0,,2026-07-31,
BR0442242R46234,C470958,BR0442242,TV CURITIBA 2,BAT,Prompt,R,,,,0.0,,2026-07-31,
BR0442233R46234,C470910,BR0442233,TV CURITIBA 2,BAT,Prompt,R,,,,0.0,,2026-07-31,
BR0442234R46234,C470915,BR0442234,TV CURITIBA 2,BAT,Prompt,R,,,,0.0,,2026-07-31,
BR0442235R46234,C470920,BR0442235,TV CURITIBA 2,BAT,Prompt,R,,,,0.0,,2026-07-31,
BR0442245R46234,C470759,BR0442245,TV CURITIBA 2,BAT,Prompt,R,,,,0.0,,2026-07-31,
BR0442246R46234,C470760,BR0442246,TV CURITIBA 2,BAT,Prompt,R,,,,0.0,,2026-07-31,
